season,week,game_id,player,pfr_player_id,team,opponent,position,pass_attempts,completions,completion_pct,passing_yards,passing_tds,interceptions,sacks,sack_yards,yards_per_attempt,net_yards_per_attempt,adjusted_net_yards_per_attempt,passer_rating,dropbacks,yards_per_dropback,total_plays,rush_attempts,rush_yards,rush_tds,total_yards,total_tds,turnovers,td_int_ratio,team_pass_attempt_share,team_pass_yard_share,epa_per_dropback,success_rate,cpoe,air_yards_per_attempt,big_play_rate,pressure_rate,sack_rate,fantasy_points_standard,fantasy_points_ppr,wow_yards_change,wow_td_change,wow_epa_change
2025,1,2025_01_ARI_NO,Kyler Murray,00-0035228,ARI,NO,QB,29,21,0.7241379310344828,163,2,0,5,-33,5.620689655172414,6.758620689655173,6.9411764705882355,108.83620689655172,34,5.764705882352941,41,7,38,0,201,2,0,,1.0,1.0,0.044847038995886435,0.47058823529411764,-1.733811045515126,5.724137931034483,0.058823529411764705,0.11764705882352941,0.14705882352941177,18.32,18.32,,,
2025,1,2025_01_TB_ATL,Michael Penix Jr.,00-0039917,ATL,TB,QB,42,27,0.6428571428571429,298,1,0,1,-9,7.095238095238095,7.309523809523809,7.604651162790698,93.15476190476191,43,7.1395348837209305,49,6,21,1,319,2,0,,1.0,1.0,0.22381616761185114,0.5116279069767442,-5.938342639378139,6.857142857142857,0.06976744186046512,0.09302325581395349,0.023255813953488372,24.02,24.02,,,
2025,1,2025_01_BAL_BUF,Lamar Jackson,00-0034796,BAL,BUF,QB,19,14,0.7368421052631579,209,2,0,2,-15,11.0,11.789473684210526,12.571428571428571,144.40789473684208,21,10.666666666666666,27,6,70,1,279,3,0,,1.0,1.0,0.4189724084660335,0.47619047619047616,8.720899255652176,9.105263157894736,0.23809523809523808,0.19047619047619047,0.09523809523809523,29.36,29.36,,,
2025,1,2025_01_BAL_BUF,Josh Allen,00-0034857,BUF,BAL,QB,46,33,0.717391304347826,394,2,0,1,-5,8.565217391304348,8.673913043478262,9.340425531914894,112.04710144927535,47,8.48936170212766,61,14,30,2,424,4,0,,1.0,1.0,0.2846742877054493,0.44,8.594318959448072,8.695652173913043,0.14,0.06,0.02127659574468085,38.76,38.76,,,
2025,1,2025_01_CAR_JAX,Bryce Young,00-0039150,CAR,JAX,QB,35,18,0.5142857142857142,154,1,2,1,-12,4.4,4.742857142857143,2.6666666666666665,48.988095238095234,36,4.611111111111111,41,5,40,0,194,1,3,0.5,1.0,1.0,-0.42785248809282606,0.3055555555555556,-12.371582757024203,7.685714285714286,0.05555555555555555,0.1388888888888889,0.027777777777777776,10.16,10.16,,,
2025,1,2025_01_MIN_CHI,Caleb Williams,00-0039918,CHI,MIN,QB,35,21,0.6,210,1,0,2,-12,6.0,6.3428571428571425,6.54054054054054,86.60714285714285,37,6.0,43,6,58,1,268,2,0,,1.0,1.0,-0.18887156235513,0.40540540540540543,-6.66688496575636,7.514285714285714,0.08108108108108109,0.08108108108108109,0.05405405405405406,24.200000000000003,24.200000000000003,,,
2025,1,2025_01_CIN_CLE,Joe Burrow,00-0036442,CIN,CLE,QB,23,14,0.6086956521739131,113,1,0,3,-18,4.913043478260869,5.695652173913044,5.8076923076923075,87.77173913043478,26,5.038461538461538,28,2,3,0,116,1,0,,1.0,1.0,-0.012753566816483541,0.46153846153846156,-1.9334077835083008,7.3478260869565215,0.038461538461538464,0.2692307692307692,0.11538461538461539,8.82,8.82,,,
2025,1,2025_01_CIN_CLE,Joe Flacco,00-0026158,CLE,CIN,QB,45,31,0.6888888888888889,290,1,2,2,-12,6.444444444444445,6.711111111111111,4.9361702127659575,75.2314814814815,47,6.425531914893617,49,2,6,0,296,1,2,0.5,1.0,1.0,-0.03919420247298021,0.48936170212765956,2.374263036818731,6.066666666666666,0.06382978723404255,0.10638297872340426,0.0425531914893617,12.2,12.2,,,
2025,1,2025_01_DAL_PHI,Dak Prescott,00-0033077,DAL,PHI,QB,34,21,0.6176470588235294,188,0,0,0,0,5.529411764705882,5.529411764705882,5.529411764705882,76.59313725490196,34,5.529411764705882,35,1,3,0,191,0,0,,1.0,1.0,0.04865809621369694,0.38235294117647056,0.17288182720993506,9.676470588235293,0.058823529411764705,0.029411764705882353,0.0,7.82,7.82,,,
2025,1,2025_01_TEN_DEN,Bo Nix,00-0039732,DEN,TEN,QB,40,25,0.625,176,1,2,1,-10,4.4,4.65,2.8292682926829267,60.0,41,4.536585365853658,49,8,18,0,194,1,3,0.5,1.0,1.0,-0.186726018072547,0.3902439024390244,-1.6720025120554745,5.325,0.024390243902439025,0.12195121951219512,0.024390243902439025,8.84,8.84,,,
2025,1,2025_01_DET_GB,Jared Goff,00-0033106,DET,GB,QB,39,31,0.7948717948717948,225,1,1,4,-25,5.769230769230769,6.410256410256411,5.232558139534884,88.56837606837607,43,5.813953488372093,44,1,-1,0,224,1,1,1.0,1.0,1.0,0.031962275764993685,0.46511627906976744,11.339418903777474,4.17948717948718,0.023255813953488372,0.18604651162790697,0.09302325581395349,10.9,10.9,,,
2025,1,2025_01_DET_GB,Jordan Love,00-0036264,GB,DET,QB,22,16,0.7272727272727273,188,2,0,0,0,8.545454545454545,8.545454545454545,10.363636363636363,128.59848484848487,22,8.545454545454545,25,3,4,0,192,2,0,,1.0,1.0,0.45751337509230317,0.4090909090909091,13.074940307573838,11.5,0.13636363636363635,0.09090909090909091,0.0,15.92,15.92,,,
2025,1,2025_01_HOU_LA,C.J. Stroud,00-0039163,HOU,LA,QB,27,19,0.7037037037037037,188,0,1,3,-37,6.962962962962963,8.333333333333334,6.0,74.30555555555556,30,7.5,35,5,32,0,220,0,1,0.0,1.0,1.0,-0.13550111149862543,0.4,-0.9746561447779337,6.37037037037037,0.06666666666666667,0.23333333333333334,0.1,8.72,8.72,,,
2025,1,2025_01_MIA_IND,Daniel Jones,00-0035710,IND,MIA,QB,29,22,0.7586206896551724,272,1,0,1,-10,9.379310344827585,9.724137931034482,10.066666666666666,115.87643678160919,30,9.4,37,7,26,2,298,3,0,,1.0,1.0,0.4332571117027661,0.5666666666666667,5.388343025898111,6.758620689655173,0.13333333333333333,0.06666666666666667,0.03333333333333333,29.48,29.48,,,
2025,1,2025_01_CAR_JAX,Trevor Lawrence,00-0036971,JAX,CAR,QB,31,19,0.6129032258064516,178,1,1,0,0,5.741935483870968,5.741935483870968,4.935483870967742,74.39516129032258,31,5.741935483870968,35,4,12,0,190,1,1,1.0,1.0,1.0,0.04235848220560686,0.45161290322580644,-4.054062428145573,7.193548387096774,0.06451612903225806,0.03225806451612903,0.0,10.32,10.32,,,
2025,1,2025_01_KC_LAC,Patrick Mahomes,00-0033873,KC,LAC,QB,39,24,0.6153846153846154,258,1,0,2,-9,6.615384615384615,6.846153846153846,7.0,89.47649572649571,41,6.512195121951219,47,6,57,1,315,2,0,,1.0,1.0,0.0821083971187212,0.40476190476190477,-5.99277631232613,6.948717948717949,0.07142857142857142,0.19047619047619047,0.04878048780487805,26.02,26.02,,,
2025,1,2025_01_HOU_LA,Matthew Stafford,00-0026498,LA,HOU,QB,29,21,0.7241379310344828,245,1,0,3,-21,8.448275862068966,9.172413793103448,8.9375,109.12356321839081,32,8.3125,36,4,-2,0,243,1,0,,1.0,1.0,0.19031590178019542,0.4375,5.381516899381365,7.793103448275862,0.15625,0.1875,0.09375,13.600000000000001,13.600000000000001,,,
2025,1,2025_01_KC_LAC,Justin Herbert,00-0036355,LAC,KC,QB,34,25,0.7352941176470589,318,3,0,3,-14,9.352941176470589,9.764705882352942,10.594594594594595,131.74019607843138,37,8.972972972972974,44,7,32,0,350,3,0,,1.0,1.0,0.47479086920147634,0.6216216216216216,5.788767951376298,10.058823529411764,0.10810810810810811,0.10810810810810811,0.08108108108108109,27.919999999999998,27.919999999999998,,,
2025,1,2025_01_LV_NE,Geno Smith,00-0030565,LV,NE,QB,34,24,0.7058823529411765,362,1,1,4,-29,10.647058823529411,11.5,9.631578947368421,102.81862745098039,38,10.289473684210526,40,2,10,0,372,1,1,1.0,1.0,1.0,0.39329810038280205,0.5526315789473685,9.620190027988318,10.294117647058824,0.23684210526315788,0.21052631578947367,0.10526315789473684,17.48,17.48,,,
2025,1,2025_01_MIA_IND,Tua Tagovailoa,00-0036212,MIA,IND,QB,23,14,0.6086956521739131,114,1,2,3,-13,4.956521739130435,5.521739130434782,2.1923076923076925,51.72101449275361,26,4.884615384615385,27,1,7,0,121,1,3,0.5,0.7419354838709677,0.7808219178082192,-0.5323176300072249,0.37037037037037035,-7.551020383834839,7.217391304347826,0.037037037037037035,0.14814814814814814,0.11538461538461539,5.260000000000001,5.260000000000001,,,
2025,1,2025_01_MIA_IND,Zach Wilson,00-0037013,MIA,IND,QB,8,5,0.625,32,0,0,0,0,4.0,4.0,4.0,70.83333333333333,8,4.0,9,1,3,0,35,0,0,,0.25806451612903225,0.2191780821917808,-0.2212491513346322,0.375,-4.639090225100517,8.5,0.0,0.25,0.0,1.58,1.58,,,
2025,1,2025_01_MIN_CHI,J.J. McCarthy,00-0039923,MIN,CHI,QB,20,13,0.65,143,2,1,3,-9,7.15,7.6,6.391304347826087,98.54166666666667,23,6.608695652173913,25,2,25,1,168,3,1,2.0,1.0,1.0,-0.3926516359597801,0.4,-3.2609406113624573,5.85,0.08,0.2,0.13043478260869565,20.22,20.22,,,
2025,1,2025_01_LV_NE,Drake Maye,00-0039851,NE,LV,QB,46,30,0.6521739130434783,287,1,1,4,-11,6.239130434782608,6.478260869565218,5.46,80.61594202898551,50,5.96,54,4,11,0,298,1,1,1.0,1.0,1.0,-0.00651264885827894,0.42,2.388444874021742,7.673913043478261,0.06,0.18,0.08,14.58,14.58,,,
2025,1,2025_01_ARI_NO,Spencer Rattler,00-0039376,NO,ARI,QB,46,27,0.5869565217391305,214,0,0,1,-6,4.6521739130434785,4.782608695652174,4.680851063829787,70.3804347826087,47,4.680851063829787,51,4,29,0,243,0,0,,1.0,1.0,-0.08384810904884071,0.425531914893617,-4.9585028392512625,7.304347826086956,0.02127659574468085,0.0425531914893617,0.02127659574468085,11.46,11.46,,,
2025,1,2025_01_NYG_WAS,Russell Wilson,00-0029263,NYG,WAS,QB,37,17,0.4594594594594595,168,0,0,2,-11,4.54054054054054,4.837837837837838,4.589743589743589,59.29054054054054,39,4.589743589743589,47,8,44,0,212,0,0,,1.0,1.0,-0.2921496548917947,0.28205128205128205,-13.457901123911142,6.108108108108108,0.07692307692307693,0.20512820512820512,0.05128205128205128,11.120000000000001,11.120000000000001,,,
2025,1,2025_01_PIT_NYJ,Justin Fields,00-0036945,NYJ,PIT,QB,22,16,0.7272727272727273,218,1,0,1,-6,9.909090909090908,10.181818181818182,10.608695652173912,119.12878787878789,23,9.73913043478261,35,12,48,2,266,3,0,,1.0,1.0,0.41891409265190793,0.5416666666666666,10.396403358096169,7.681818181818182,0.20833333333333334,0.25,0.043478260869565216,29.520000000000003,29.520000000000003,,,
2025,1,2025_01_DAL_PHI,Jalen Hurts,00-0036389,PHI,DAL,QB,23,19,0.8260869565217391,152,0,0,1,-8,6.608695652173913,6.956521739130435,6.666666666666667,94.20289855072464,24,6.666666666666667,38,14,62,2,214,2,0,,1.0,1.0,0.06628133483405026,0.5416666666666666,21.806308776140213,4.869565217391305,0.041666666666666664,0.20833333333333334,0.041666666666666664,24.28,24.28,,,
2025,1,2025_01_PIT_NYJ,Aaron Rodgers,00-0023459,PIT,NYJ,QB,30,22,0.7333333333333333,244,4,0,4,-26,8.133333333333333,9.0,10.294117647058824,136.66666666666666,34,7.9411764705882355,35,1,-1,0,243,4,0,,1.0,1.0,0.30013986028333556,0.4411764705882353,6.350380901632638,4.633333333333334,0.14705882352941177,0.20588235294117646,0.11764705882352941,25.659999999999997,25.659999999999997,,,
2025,1,2025_01_SF_SEA,Sam Darnold,00-0034869,SEA,SF,QB,23,16,0.6956521739130435,150,0,0,1,-4,6.521739130434782,6.695652173913044,6.416666666666667,87.2282608695652,24,6.416666666666667,26,2,14,0,164,0,1,,1.0,1.0,-0.2846264546265305,0.375,7.339647954160517,8.565217391304348,0.125,0.08333333333333333,0.041666666666666664,7.4,7.4,,,
2025,1,2025_01_SF_SEA,Brock Purdy,00-0037834,SF,SEA,QB,35,26,0.7428571428571429,277,2,2,1,-12,7.914285714285715,8.257142857142858,6.638888888888889,92.20238095238093,36,8.027777777777779,41,5,17,0,294,2,2,1.0,1.0,1.0,0.37027455992439223,0.5833333333333334,15.341458162840675,7.428571428571429,0.1388888888888889,0.2222222222222222,0.027777777777777776,16.779999999999998,16.779999999999998,,,
2025,1,2025_01_TB_ATL,Baker Mayfield,00-0034855,TB,ATL,QB,32,17,0.53125,167,3,0,1,-8,5.21875,5.46875,7.121212121212121,99.34895833333333,33,5.303030303030303,38,5,39,0,206,3,0,,1.0,1.0,0.17473437586652327,0.36363636363636365,-10.401313503583273,10.4375,0.06060606060606061,0.06060606060606061,0.030303030303030304,22.58,22.58,,,
2025,1,2025_01_TEN_DEN,Cam Ward,00-0040676,TEN,DEN,QB,28,12,0.42857142857142855,112,0,0,6,-50,4.0,5.785714285714286,4.764705882352941,54.46428571428571,34,4.764705882352941,34,0,0,0,112,0,1,,1.0,1.0,-0.39380760055258246,0.17647058823529413,-12.597031831741333,10.5,0.029411764705882353,0.4117647058823529,0.17647058823529413,4.48,4.48,,,
2025,1,2025_01_NYG_WAS,Jayden Daniels,00-0039910,WAS,NYG,QB,30,19,0.6333333333333333,233,1,0,3,-21,7.766666666666667,8.466666666666667,8.303030303030303,98.33333333333334,33,7.696969696969697,44,11,68,0,301,1,0,,1.0,1.0,0.041356290792905245,0.45454545454545453,-1.2890843481853091,9.3,0.06060606060606061,0.12121212121212122,0.09090909090909091,20.12,20.12,,,
2025,2,2025_02_CAR_ARI,Kyler Murray,00-0035228,ARI,CAR,QB,25,17,0.68,220,1,1,1,-9,8.8,9.16,7.846153846153846,92.08333333333334,26,8.807692307692308,33,7,32,0,252,1,1,1.0,1.0,1.0,0.23614491379286703,0.5384615384615384,0.763731837272644,6.4,0.07692307692307693,0.15384615384615385,0.038461538461538464,14.0,14.0,57,-1,0.1912978747969806
2025,2,2025_02_ATL_MIN,Michael Penix Jr.,00-0039917,ATL,MIN,QB,21,13,0.6190476190476191,135,0,0,3,-27,6.428571428571429,7.714285714285714,6.75,80.45634920634922,24,6.75,25,1,-1,0,134,0,0,,1.0,1.0,-0.1351738162661381,0.375,-7.450161519504729,6.285714285714286,0.041666666666666664,0.20833333333333334,0.125,5.300000000000001,5.300000000000001,-163,-2,-0.35898998387798925
2025,2,2025_02_CLE_BAL,Lamar Jackson,00-0034796,BAL,CLE,QB,29,19,0.6551724137931034,225,4,0,3,-28,7.758620689655173,8.724137931034482,10.40625,128.59195402298852,32,7.90625,34,2,13,0,238,4,0,,1.0,1.0,0.2919594726954843,0.46875,6.713613335575376,9.413793103448276,0.09375,0.125,0.09375,26.3,26.3,16,1,-0.12701293577054923
2025,2,2025_02_BUF_NYJ,Josh Allen,00-0034857,BUF,NYJ,QB,25,14,0.56,148,0,0,1,-1,5.92,5.96,5.730769230769231,73.41666666666666,26,5.730769230769231,32,6,59,0,207,0,0,,0.9259259259259259,0.8222222222222222,-0.08644134960184988,0.38461538461538464,-9.384852129480112,4.84,0.038461538461538464,0.07692307692307693,0.038461538461538464,11.82,11.82,-246,-4,-0.37111563730729913
2025,2,2025_02_BUF_NYJ,Mitchell Trubisky,00-0033869,BUF,NYJ,QB,2,1,0.5,32,0,0,0,0,16.0,16.0,16.0,95.83333333333333,2,16.0,5,3,-3,0,29,0,0,,0.07407407407407407,0.17777777777777778,1.2598733234917745,0.5,-5.59253990650177,12.5,0.5,0.0,0.0,0.98,0.98,,,
2025,2,2025_02_CAR_ARI,Bryce Young,00-0039150,CAR,ARI,QB,55,35,0.6363636363636364,328,3,1,3,-25,5.963636363636364,6.418181818181818,6.344827586206897,90.5681818181818,58,6.086206896551724,60,2,2,0,330,3,2,3.0,1.0,1.0,0.05576263636677823,0.5172413793103449,-2.3493665006925477,6.818181818181818,0.06896551724137931,0.1724137931034483,0.05172413793103448,23.32,23.32,174,2,0.4836151244596043
2025,2,2025_02_CHI_DET,Caleb Williams,00-0039918,CHI,DET,QB,30,19,0.6333333333333333,207,2,1,4,-29,6.9,7.866666666666666,6.794117647058823,91.94444444444443,34,6.9411764705882355,39,5,27,0,234,2,1,2.0,0.9090909090909091,0.8846153846153846,-0.028396453586002977,0.38235294117647056,-5.639583170413971,10.066666666666666,0.08823529411764706,0.11764705882352941,0.11764705882352941,16.98,16.98,-3,0,0.16047510876912702
2025,2,2025_02_CHI_DET,Tyson Bagent,00-0038416,CHI,DET,QB,3,2,0.6666666666666666,27,0,0,0,0,9.0,9.0,9.0,95.13888888888889,3,9.0,5,2,7,0,34,0,0,,0.09090909090909091,0.11538461538461539,0.29875554256917286,0.3333333333333333,-0.5509336789449056,11.666666666666666,0.3333333333333333,0.0,0.0,1.7800000000000002,1.7800000000000002,,,
2025,2,2025_02_JAX_CIN,Jake Browning,00-0035100,CIN,JAX,QB,32,21,0.65625,241,2,3,1,-7,7.53125,7.75,4.636363636363637,69.921875,33,7.515151515151516,34,1,1,1,242,3,3,0.6666666666666666,0.7111111111111111,0.7602523659305994,-0.0612515676650724,0.48484848484848486,3.616569022978506,8.8125,0.09090909090909091,0.15151515151515152,0.030303030303030304,17.740000000000002,17.740000000000002,,,
2025,2,2025_02_JAX_CIN,Joe Burrow,00-0036442,CIN,JAX,QB,13,7,0.5384615384615384,76,1,0,2,-8,5.846153846153846,6.461538461538462,6.933333333333334,96.9551282051282,15,5.6,15,0,0,0,76,1,0,,0.28888888888888886,0.23974763406940064,0.01287225631919379,0.4,-0.8030536274115244,6.0,0.06666666666666667,0.26666666666666666,0.13333333333333333,7.04,7.04,-37,0,0.02562582313567733
2025,2,2025_02_CLE_BAL,Dillon Gabriel,00-0040704,CLE,BAL,QB,3,3,1.0,19,1,0,0,0,6.333333333333333,6.333333333333333,13.0,132.63888888888889,3,6.333333333333333,3,0,0,0,19,1,0,,0.0625,0.0871559633027523,1.1407269987394102,1.0,36.51205698649088,1.6666666666666667,0.0,0.0,0.0,4.76,4.76,,,
2025,2,2025_02_CLE_BAL,Joe Flacco,00-0026158,CLE,BAL,QB,45,25,0.5555555555555556,199,1,1,2,-11,4.4222222222222225,4.666666666666667,3.9361702127659575,64.9537037037037,47,4.468085106382978,48,1,8,0,207,1,2,1.0,0.9375,0.9128440366972477,-0.5689085085262044,0.2765957446808511,-3.0992530678447925,6.822222222222222,0.06382978723404255,0.19148936170212766,0.0425531914893617,10.760000000000002,10.760000000000002,-91,0,-0.5297143060532242
2025,2,2025_02_NYG_DAL,Dak Prescott,00-0033077,DAL,NYG,QB,52,38,0.7307692307692307,361,2,1,3,-18,6.9423076923076925,7.288461538461538,6.8,96.71474358974358,55,6.890909090909091,58,3,17,0,378,2,1,2.0,1.0,1.0,0.183608866592401,0.4909090909090909,2.1017412153574138,6.730769230769231,0.05454545454545454,0.12727272727272726,0.05454545454545454,22.139999999999997,22.139999999999997,173,2,0.13495077037870407
2025,2,2025_02_DEN_IND,Bo Nix,00-0039732,DEN,IND,QB,30,22,0.7333333333333333,206,3,1,0,0,6.866666666666666,6.866666666666666,7.366666666666666,111.24999999999999,30,6.866666666666666,33,3,20,0,226,3,1,3.0,1.0,1.0,0.27817811633061645,0.5,0.9910997748374939,4.9,0.06666666666666667,0.0,0.0,20.240000000000002,20.240000000000002,30,2,0.46490413440316347
2025,2,2025_02_CHI_DET,Jared Goff,00-0033106,DET,CHI,QB,28,23,0.8214285714285714,334,5,0,0,0,11.928571428571429,11.928571428571429,15.5,155.95238095238096,28,11.928571428571429,29,1,6,0,340,5,0,,1.0,1.0,0.8608364394316423,0.6785714285714286,14.942416335855212,9.785714285714286,0.17857142857142858,0.14285714285714285,0.0,33.96,33.96,109,4,0.8288741636666487
2025,2,2025_02_WAS_GB,Jordan Love,00-0036264,GB,WAS,QB,31,19,0.6129032258064516,292,2,0,2,-23,9.419354838709678,10.161290322580646,10.757575757575758,113.91129032258065,33,9.545454545454545,36,3,12,0,304,2,0,,1.0,1.0,0.20189030939241617,0.5151515151515151,10.36571275304865,13.161290322580646,0.09090909090909091,0.09090909090909091,0.06060606060606061,20.88,20.88,104,0,-0.255623065699887
2025,2,2025_02_TB_HOU,C.J. Stroud,00-0039163,HOU,TB,QB,24,13,0.5416666666666666,207,1,0,3,-25,8.625,9.666666666666666,9.333333333333334,97.0486111111111,27,8.592592592592593,31,4,27,0,234,1,0,,1.0,1.0,-0.16005295059021046,0.35714285714285715,-9.786830648131993,8.125,0.17857142857142858,0.17857142857142858,0.1111111111111111,14.98,14.98,19,1,-0.024551839091585037
2025,2,2025_02_DEN_IND,Daniel Jones,00-0035710,IND,DEN,QB,34,23,0.6764705882352942,316,1,0,1,-10,9.294117647058824,9.588235294117647,9.885714285714286,106.98529411764706,35,9.314285714285715,41,6,2,1,318,2,0,,1.0,1.0,0.31295389315991,0.5714285714285714,4.9739260565150865,9.676470588235293,0.08571428571428572,0.17142857142857143,0.02857142857142857,22.84,22.84,44,-1,-0.12030321854285608
2025,2,2025_02_JAX_CIN,Trevor Lawrence,00-0036971,JAX,CIN,QB,42,24,0.5714285714285714,271,3,2,1,-10,6.4523809523809526,6.690476190476191,5.837209302325581,80.55555555555554,43,6.534883720930233,45,2,4,0,275,3,2,1.5,1.0,1.0,0.11640671051295809,0.5116279069767442,-4.982346514376198,7.333333333333333,0.06976744186046512,0.09302325581395349,0.023255813953488372,19.24,19.24,93,2,0.07404822830735122
2025,2,2025_02_PHI_KC,Patrick Mahomes,00-0033873,KC,PHI,QB,29,16,0.5517241379310345,187,1,1,2,-14,6.448275862068965,6.931034482758621,5.67741935483871,72.05459770114942,31,6.483870967741935,38,7,66,1,253,2,1,1.0,1.0,1.0,-0.23076017455879044,0.3870967741935484,-5.841067638890497,10.655172413793103,0.0967741935483871,0.2903225806451613,0.06451612903225806,22.080000000000002,22.080000000000002,-71,0,-0.31286857167751164
2025,2,2025_02_LA_TEN,Matthew Stafford,00-0026498,LA,TEN,QB,33,23,0.696969696969697,298,2,1,1,-8,9.030303030303031,9.272727272727273,8.852941176470589,105.36616161616162,34,9.0,36,2,-6,0,292,2,1,2.0,1.0,1.0,0.28764619381255774,0.5,10.765356570482254,7.9393939393939394,0.17647058823529413,0.17647058823529413,0.029411764705882353,17.32,17.32,53,1,0.09733029203236232
2025,2,2025_02_LAC_LV,Justin Herbert,00-0036355,LAC,LV,QB,27,19,0.7037037037037037,242,2,0,2,-6,8.962962962962964,9.185185185185185,9.931034482758621,122.76234567901234,29,8.551724137931034,38,9,31,0,273,2,1,,1.0,1.0,0.3506250142169619,0.5172413793103449,0.33174598658526383,9.037037037037036,0.10344827586206896,0.10344827586206896,0.06896551724137931,20.78,20.78,-76,-1,-0.12416585498451443
2025,2,2025_02_LAC_LV,Geno Smith,00-0030565,LV,LAC,QB,43,24,0.5581395348837209,180,0,3,3,-30,4.186046511627907,4.883720930232558,1.6304347826086956,36.96705426356589,46,4.565217391304348,51,5,20,0,200,0,3,0.0,1.0,1.0,-0.5014766986995558,0.2391304347826087,-15.258365453675736,6.767441860465116,0.06521739130434782,0.10869565217391304,0.06521739130434782,3.2,3.2,-182,-1,-0.8947747990823578
2025,2,2025_02_NE_MIA,Tua Tagovailoa,00-0036212,MIA,NE,QB,32,26,0.8125,315,2,1,5,-18,9.84375,10.40625,8.864864864864865,115.49479166666666,37,9.0,37,0,0,0,315,2,1,2.0,1.0,1.0,0.2684359325053244,0.5405405405405406,13.74564841389656,7.84375,0.10810810810810811,0.13513513513513514,0.13513513513513514,18.6,18.6,201,1,0.8007535625125493
2025,2,2025_02_ATL_MIN,J.J. McCarthy,00-0039923,MIN,ATL,QB,21,11,0.5238095238095238,158,0,2,6,-38,7.523809523809524,9.333333333333334,3.925925925925926,37.5,27,7.2592592592592595,32,5,25,0,183,0,3,0.0,1.0,1.0,-0.6654280477944005,0.3333333333333333,-11.110292020298186,12.0,0.07407407407407407,0.3333333333333333,0.2222222222222222,4.82,4.82,15,-3,-0.27277641183462037
2025,2,2025_02_NE_MIA,Drake Maye,00-0039851,NE,MIA,QB,23,19,0.8260869565217391,230,2,0,3,-19,10.0,10.826086956521738,11.115384615384615,137.31884057971016,26,9.576923076923077,36,10,31,1,261,3,0,,1.0,1.0,0.5765576980054109,0.5769230769230769,13.996700229852095,5.826086956521739,0.07692307692307693,0.11538461538461539,0.11538461538461539,26.300000000000004,26.300000000000004,-57,2,0.5830703468636899
2025,2,2025_02_SF_NO,Spencer Rattler,00-0039376,NO,SF,QB,34,25,0.7352941176470589,207,3,0,3,-21,6.088235294117647,6.705882352941177,7.783783783783784,118.13725490196079,37,6.162162162162162,41,4,14,0,221,3,0,,1.0,1.0,-0.07630653118781745,0.40540540540540543,3.784003240220687,7.352941176470588,0.05405405405405406,0.13513513513513514,0.08108108108108109,21.68,21.68,-7,3,0.00754157786102326
2025,2,2025_02_NYG_DAL,Russell Wilson,00-0029263,NYG,DAL,QB,41,30,0.7317073170731707,450,3,1,3,-28,10.975609756097562,11.658536585365853,11.204545454545455,123.01829268292681,44,10.863636363636363,47,3,23,0,473,3,1,3.0,1.0,1.0,0.38803276395567216,0.5227272727272727,13.416483923792839,12.731707317073171,0.1590909090909091,0.13636363636363635,0.06818181818181818,30.3,30.3,282,3,0.6801824188474668
2025,2,2025_02_BUF_NYJ,Justin Fields,00-0036945,NYJ,BUF,QB,11,3,0.2727272727272727,27,0,0,2,-19,2.4545454545454546,4.181818181818182,3.5384615384615383,39.58333333333333,13,3.5384615384615383,18,5,49,0,76,0,1,,0.5,0.3253012048192771,-0.7326811546540389,0.15384615384615385,-37.60964214801788,8.454545454545455,0.0,0.3076923076923077,0.15384615384615385,5.98,5.98,-191,-3,-1.1515952473059468
2025,2,2025_02_BUF_NYJ,Tyrod Taylor,00-0028118,NYJ,BUF,QB,11,7,0.6363636363636364,56,1,0,2,-10,5.090909090909091,6.0,6.615384615384615,106.62878787878789,13,5.076923076923077,16,3,21,0,77,1,0,,0.5,0.6746987951807228,0.4151728881003622,0.46153846153846156,1.5594455328854648,7.181818181818182,0.0,0.15384615384615385,0.15384615384615385,8.34,8.34,,,
2025,2,2025_02_PHI_KC,Jalen Hurts,00-0036389,PHI,KC,QB,22,15,0.6818181818181818,101,0,0,2,-7,4.590909090909091,4.909090909090909,4.5,78.03030303030303,24,4.5,33,9,15,1,116,1,0,,1.0,1.0,-0.2024994190064867,0.2916666666666667,4.396389211927142,7.590909090909091,0.041666666666666664,0.125,0.08333333333333333,11.54,11.54,-51,-1,-0.26878075384053696
2025,2,2025_02_SEA_PIT,Aaron Rodgers,00-0023459,PIT,SEA,QB,33,18,0.5454545454545454,203,1,2,3,-20,6.151515151515151,6.757575757575758,4.25,58.017676767676754,36,6.194444444444445,37,1,3,0,206,1,2,0.5,0.9428571428571428,0.9441860465116279,-0.2077459307462612,0.32432432432432434,-6.433451278456326,5.7272727272727275,0.08108108108108109,0.1891891891891892,0.08333333333333333,8.420000000000002,8.420000000000002,-41,-3,-0.5078857910295967
2025,2,2025_02_SEA_PIT,Mason Rudolph,00-0034771,PIT,SEA,QB,2,2,1.0,12,0,0,0,0,6.0,6.0,6.0,91.66666666666666,2,6.0,2,0,0,0,12,0,0,,0.05714285714285714,0.05581395348837209,-0.05615358904469758,0.5,22.50007688999176,-1.5,0.0,0.0,0.0,0.48,0.48,,,
2025,2,2025_02_SEA_PIT,Sam Darnold,00-0034869,SEA,PIT,QB,33,22,0.6666666666666666,295,2,2,2,-17,8.93939393939394,9.454545454545455,7.485714285714286,89.83585858585859,35,8.914285714285715,35,0,0,0,295,2,2,1.0,1.0,1.0,0.08154463132618991,0.5142857142857142,7.034775614738464,8.030303030303031,0.08571428571428572,0.22857142857142856,0.05714285714285714,15.8,15.8,145,2,0.3661710859527204
2025,2,2025_02_SF_NO,Mac Jones,00-0036972,SF,NO,QB,39,26,0.6666666666666666,279,3,0,3,-12,7.153846153846154,7.461538461538462,8.357142857142858,113.08760683760684,42,6.928571428571429,48,6,6,0,285,3,1,,1.0,1.0,0.0640033894636492,0.4523809523809524,-3.6296302550717403,6.512820512820513,0.047619047619047616,0.14285714285714285,0.07142857142857142,23.76,23.76,,,
2025,2,2025_02_TB_HOU,Baker Mayfield,00-0034855,TB,HOU,QB,38,25,0.6578947368421053,215,2,0,4,-24,5.657894736842105,6.2894736842105265,6.642857142857143,98.02631578947368,42,5.690476190476191,45,3,33,0,248,2,0,,1.0,1.0,-0.014962445907788734,0.4418604651162791,1.9042374359236822,8.0,0.06976744186046512,0.13953488372093023,0.09523809523809523,19.900000000000002,19.900000000000002,48,-1,-0.189696821774312
2025,2,2025_02_LA_TEN,Cam Ward,00-0040676,TEN,LA,QB,33,19,0.5757575757575758,175,1,0,5,-32,5.303030303030303,6.2727272727272725,5.973684210526316,82.26010101010101,38,5.447368421052632,42,4,8,0,183,1,1,,1.0,1.0,-0.1772098467423015,0.39473684210526316,-4.793273537389694,6.515151515151516,0.07894736842105263,0.21052631578947367,0.13157894736842105,11.8,11.8,63,1,0.21659775381028096
2025,2,2025_02_WAS_GB,Jayden Daniels,00-0039910,WAS,GB,QB,42,24,0.5714285714285714,200,2,0,4,-21,4.761904761904762,5.261904761904762,5.673913043478261,85.41666666666666,46,4.804347826086956,53,7,17,0,217,2,0,,1.0,1.0,-0.17246021684085316,0.40425531914893614,-7.198357805609703,6.642857142857143,0.02127659574468085,0.2127659574468085,0.08695652173913043,17.7,17.7,-33,1,-0.21381650763375842
2025,3,2025_03_ARI_SF,Kyler Murray,00-0035228,ARI,SF,QB,35,22,0.6285714285714286,159,1,0,1,-5,4.542857142857143,4.685714285714286,5.111111111111111,82.91666666666666,36,4.555555555555555,42,6,37,0,196,1,0,,1.0,1.0,-0.017183698861281953,0.3888888888888889,-2.625567948116976,5.057142857142857,0.027777777777777776,0.1111111111111111,0.027777777777777776,14.059999999999999,14.059999999999999,-61,0,-0.25332861265414897
2025,3,2025_03_ATL_CAR,Kirk Cousins,00-0029604,ATL,CAR,QB,7,5,0.7142857142857143,29,0,0,0,0,4.142857142857143,4.142857142857143,4.142857142857143,78.86904761904762,7,4.142857142857143,7,0,0,0,29,0,0,,0.16279069767441862,0.14427860696517414,-0.4347821690607816,0.2857142857142857,-8.271948780332293,1.4285714285714286,0.0,0.0,0.0,1.16,1.16,,,
2025,3,2025_03_ATL_CAR,Michael Penix Jr.,00-0039917,ATL,CAR,QB,36,18,0.5,172,0,2,0,0,4.777777777777778,4.777777777777778,2.2777777777777777,40.50925925925925,36,4.777777777777778,38,2,9,0,181,0,2,0.0,0.8372093023255814,0.8557213930348259,-0.5223516305763228,0.3055555555555556,-12.546850390294018,8.222222222222221,0.05555555555555555,0.05555555555555555,0.0,3.78,3.78,37,0,-0.3871778143101847
2025,3,2025_03_DET_BAL,Lamar Jackson,00-0034796,BAL,DET,QB,27,21,0.7777777777777778,288,3,0,7,-55,10.666666666666666,12.703703703703704,11.852941176470589,148.14814814814815,34,10.088235294117647,41,7,35,0,323,3,0,,0.9642857142857143,1.0,0.3149394523229935,0.5428571428571428,13.372031185362074,10.148148148148149,0.11428571428571428,0.17142857142857143,0.20588235294117646,27.02,27.02,63,-1,0.022979979627509195
2025,3,2025_03_MIA_BUF,Josh Allen,00-0034857,BUF,MIA,QB,28,22,0.7857142857142857,213,3,0,2,-10,7.607142857142857,7.964285714285714,9.433333333333334,134.07738095238096,30,7.433333333333334,34,4,25,0,238,3,0,,1.0,1.0,0.354984071982871,0.6,7.680893937746684,3.9642857142857144,0.06666666666666667,0.06666666666666667,0.06666666666666667,23.02,23.02,65,3,0.44142542158472087
2025,3,2025_03_ATL_CAR,Bryce Young,00-0039150,CAR,ATL,QB,24,16,0.6666666666666666,121,0,0,1,-7,5.041666666666667,5.333333333333333,5.12,78.64583333333333,25,5.12,27,2,8,1,129,1,0,,1.0,1.0,-0.09935179794461231,0.4,-1.299610361456871,5.541666666666667,0.08,0.12,0.04,11.64,11.64,-207,-2,-0.15511443431139055
2025,3,2025_03_DAL_CHI,Caleb Williams,00-0039918,CHI,DAL,QB,28,19,0.6785714285714286,298,4,0,0,0,10.642857142857142,10.642857142857142,13.5,142.55952380952382,28,10.642857142857142,33,5,12,0,310,4,0,,1.0,1.0,0.642127668879403,0.4642857142857143,3.6546007863112857,8.928571428571429,0.17857142857142858,0.03571428571428571,0.0,29.12,29.12,91,2,0.6705241224654059
2025,3,2025_03_CIN_MIN,Jake Browning,00-0035100,CIN,MIN,QB,27,19,0.7037037037037037,140,1,2,3,-20,5.185185185185185,5.925925925925926,3.0,63.81172839506173,30,5.333333333333333,31,1,3,0,143,1,2,0.5,1.0,1.0,-0.6023889160817021,0.3333333333333333,0.3612574476462144,4.777777777777778,0.03333333333333333,0.26666666666666666,0.1,5.900000000000001,5.900000000000001,-101,-2,-0.5411373484166296
2025,3,2025_03_GB_CLE,Joe Flacco,00-0026158,CLE,GB,QB,36,21,0.5833333333333334,142,0,1,2,-17,3.9444444444444446,4.416666666666667,3.0,55.55555555555556,38,4.184210526315789,38,0,0,0,142,0,1,0.0,1.0,1.0,-0.22920522574379473,0.2894736842105263,-3.435839441689578,7.055555555555555,0.0,0.2631578947368421,0.05263157894736842,3.6799999999999997,3.6799999999999997,-57,-1,0.3397032827824097
2025,3,2025_03_DAL_CHI,Dak Prescott,00-0033077,DAL,CHI,QB,40,31,0.775,251,1,2,2,-17,6.275,6.7,4.714285714285714,80.31249999999999,42,6.380952380952381,42,0,0,0,251,1,2,0.5,0.8888888888888888,0.8595890410958904,-0.044104298901558765,0.4418604651162791,10.85533713683104,5.025,0.06976744186046512,0.16279069767441862,0.047619047619047616,10.040000000000001,10.040000000000001,-110,-1,-0.22771316549395976
2025,3,2025_03_DAL_CHI,Joe Milton III,00-0039398,DAL,CHI,QB,5,3,0.6,41,0,1,0,0,8.2,8.2,-0.8,46.666666666666664,5,8.2,5,0,0,0,41,0,1,0.0,0.1111111111111111,0.1404109589041096,-0.14522015214897693,0.6,4.929508566856384,13.4,0.2,0.0,0.0,-0.3599999999999999,-0.3599999999999999,,,
2025,3,2025_03_DEN_LAC,Bo Nix,00-0039732,DEN,LAC,QB,25,14,0.56,153,1,0,2,-6,6.12,6.36,6.62962962962963,87.58333333333333,27,5.888888888888889,35,8,33,0,186,1,0,,1.0,1.0,-0.056501195362569805,0.25925925925925924,-8.01634334999582,10.76,0.07407407407407407,0.14814814814814814,0.07407407407407407,13.420000000000002,13.420000000000002,-53,-2,-0.33467931169318627
2025,3,2025_03_DET_BAL,Jared Goff,00-0033106,DET,BAL,QB,28,20,0.7142857142857143,202,1,0,0,0,7.214285714285714,7.214285714285714,7.928571428571429,103.57142857142856,28,7.214285714285714,32,4,6,0,208,1,0,,1.0,1.0,0.508923798444892,0.5357142857142857,12.977435611761534,7.535714285714286,0.07142857142857142,0.21428571428571427,0.0,12.68,12.68,-132,-4,-0.35191264098675035
2025,3,2025_03_GB_CLE,Jordan Love,00-0036264,GB,CLE,QB,25,18,0.72,183,1,1,5,-34,7.32,8.68,6.4,89.25,30,7.233333333333333,34,4,18,0,201,1,1,1.0,1.0,1.0,-0.031409574032648165,0.43333333333333335,-2.6773711442947388,1.92,0.06666666666666667,0.16666666666666666,0.16666666666666666,11.120000000000001,11.120000000000001,-109,-1,-0.23329988342506433
2025,3,2025_03_HOU_JAX,C.J. Stroud,00-0039163,HOU,JAX,QB,38,25,0.6578947368421053,204,1,2,2,-20,5.368421052631579,5.894736842105263,3.85,66.11842105263158,40,5.6,44,4,22,0,226,1,2,0.5,1.0,1.0,-0.10475865084266504,0.375,1.464213016960356,7.578947368421052,0.025,0.125,0.05,10.36,10.36,-3,0,0.05529429974754542
2025,3,2025_03_IND_TEN,Daniel Jones,00-0035710,IND,TEN,QB,25,18,0.72,228,1,0,0,0,9.12,9.12,9.92,113.41666666666666,25,9.12,29,4,27,0,255,1,0,,1.0,1.0,0.43274560588944694,0.6,1.6586910486221313,7.0,0.08,0.08,0.0,15.82,15.82,-88,-1,0.11979171272953693
2025,3,2025_03_HOU_JAX,Trevor Lawrence,00-0036971,JAX,HOU,QB,40,20,0.5,222,0,1,2,-17,5.55,5.975,4.619047619047619,56.458333333333336,42,5.690476190476191,44,2,9,0,231,0,1,0.0,1.0,1.0,-0.22729537592318533,0.3333333333333333,-17.02903438555567,7.875,0.047619047619047616,0.09523809523809523,0.047619047619047616,7.780000000000001,7.780000000000001,-49,-3,-0.3437020864361434
2025,3,2025_03_KC_NYG,Patrick Mahomes,00-0033873,KC,NYG,QB,37,22,0.5945945945945946,224,1,0,2,-23,6.054054054054054,6.675675675675675,6.846153846153846,85.86711711711712,39,6.333333333333333,44,5,2,0,226,1,0,,1.0,1.0,0.21104633617177512,0.48717948717948717,-1.4937388896942139,8.621621621621621,0.07692307692307693,0.1794871794871795,0.05128205128205128,13.16,13.16,37,-1,0.44180651073056554
2025,3,2025_03_LA_PHI,Matthew Stafford,00-0026498,LA,PHI,QB,33,19,0.5757575757575758,196,2,1,1,0,5.9393939393939394,5.9393939393939394,5.617647058823529,82.38636363636364,34,5.764705882352941,34,0,0,0,196,2,1,2.0,0.9705882352941176,1.0,-0.07291448547078606,0.4117647058823529,-4.678381327539682,5.090909090909091,0.058823529411764705,0.20588235294117646,0.029411764705882353,13.84,13.84,-102,0,-0.3605606792833438
2025,3,2025_03_DEN_LAC,Justin Herbert,00-0036355,LAC,DEN,QB,47,28,0.5957446808510638,300,1,1,5,-30,6.382978723404255,7.0212765957446805,5.865384615384615,76.55141843971631,52,6.346153846153846,54,2,6,0,306,1,1,1.0,1.0,1.0,-0.04605735568412294,0.38461538461538464,-4.159013960096571,9.127659574468085,0.07692307692307693,0.2692307692307692,0.09615384615384616,14.6,14.6,58,-1,-0.39668236990108485
2025,3,2025_03_LV_WAS,Geno Smith,00-0030565,LV,WAS,QB,29,19,0.6551724137931034,289,3,0,5,-28,9.96551724137931,10.931034482758621,11.088235294117647,132.6867816091954,34,9.323529411764707,36,2,5,0,294,3,0,,1.0,1.0,0.34973450475830054,0.45714285714285713,11.681264307763842,10.517241379310345,0.08571428571428572,0.2571428571428571,0.14705882352941177,24.060000000000002,24.060000000000002,109,3,0.8512112034578563
2025,3,2025_03_MIA_BUF,Tua Tagovailoa,00-0036212,MIA,BUF,QB,34,22,0.6470588235294118,146,2,1,0,0,4.294117647058823,4.294117647058823,4.147058823529412,81.25,34,4.294117647058823,36,2,10,0,156,2,1,2.0,1.0,1.0,0.004336495231494636,0.38235294117647056,-1.6873112230589895,6.0,0.0,0.029411764705882353,0.0,12.84,12.84,-169,0,-0.26409943727382973
2025,3,2025_03_CIN_MIN,Carson Wentz,00-0032950,MIN,CIN,QB,20,14,0.7,173,2,0,3,-19,8.65,9.6,10.08695652173913,129.79166666666666,23,8.347826086956522,25,2,4,0,177,2,0,,0.8333333333333334,0.8564356435643564,0.4105891226643927,0.6521739130434783,3.8360655307769775,9.05,0.08695652173913043,0.17391304347826086,0.13043478260869565,15.32,15.32,,,
2025,3,2025_03_CIN_MIN,Max Brosmer,00-0040494,MIN,CIN,QB,4,2,0.5,29,0,0,0,0,7.25,7.25,7.25,73.95833333333333,4,7.25,4,0,0,0,29,0,0,,0.16666666666666666,0.14356435643564355,-0.9557454277382931,0.0,-29.86959218978882,1.75,0.25,0.0,0.0,1.16,1.16,,,
2025,3,2025_03_PIT_NE,Drake Maye,00-0039851,NE,PIT,QB,37,28,0.7567567567567568,268,2,1,5,-18,7.243243243243243,7.72972972972973,6.690476190476191,102.08333333333333,42,6.809523809523809,49,7,45,0,313,2,2,2.0,1.0,1.0,0.033640928404998875,0.5476190476190477,7.905837976270252,5.594594594594595,0.047619047619047616,0.19047619047619047,0.11904761904761904,21.22,21.22,38,-1,-0.542916769600412
2025,3,2025_03_NO_SEA,Spencer Rattler,00-0039376,NO,SEA,QB,39,28,0.717948717948718,218,1,1,2,-13,5.589743589743589,5.923076923076923,5.024390243902439,83.06623931623932,41,5.634146341463414,43,2,10,0,228,1,1,1.0,0.9512195121951219,1.0,0.0351907186730829,0.5121951219512195,7.2301550553395195,8.051282051282051,0.024390243902439025,0.17073170731707318,0.04878048780487805,11.72,11.72,11,-2,0.11149724986090034
2025,3,2025_03_NO_SEA,Tyler Shough,00-0040743,NO,SEA,QB,2,0,0.0,0,0,0,0,0,0.0,0.0,0.0,39.58333333333333,2,0.0,2,0,0,0,0,0,0,,0.04878048780487805,0.0,-0.8871105766738765,0.0,-52.12000757455826,16.5,0.0,0.0,0.0,0.0,0.0,,,
2025,3,2025_03_KC_NYG,Russell Wilson,00-0029263,NYG,KC,QB,32,18,0.5625,160,0,2,2,-9,5.0,5.28125,2.323529411764706,43.75,34,4.970588235294118,39,5,27,0,187,0,2,0.0,1.0,1.0,-0.4358389701348428,0.3235294117647059,-4.926895797252655,8.875,0.058823529411764705,0.2647058823529412,0.058823529411764705,5.1000000000000005,5.1000000000000005,-290,-3,-0.823871734090515
2025,3,2025_03_NYJ_TB,Tyrod Taylor,00-0028118,NYJ,TB,QB,36,26,0.7222222222222222,197,2,1,4,-29,5.472222222222222,6.277777777777778,5.525,92.0138888888889,40,5.65,48,8,48,0,245,2,2,2.0,1.0,1.0,-0.19717253918321848,0.45,7.483880179268973,4.472222222222222,0.025,0.25,0.1,18.68,18.68,141,1,-0.6123454272835807
2025,3,2025_03_LA_PHI,Jalen Hurts,00-0036389,PHI,LA,QB,32,21,0.65625,226,3,0,4,-24,7.0625,7.8125,8.61111111111111,117.44791666666666,36,6.944444444444445,45,9,40,1,266,4,1,,1.0,1.0,-0.0057188799872969235,0.40540540540540543,5.956184168656667,8.5625,0.10810810810810811,0.10810810810810811,0.1111111111111111,31.04,31.04,125,3,0.19678053901918977
2025,3,2025_03_PIT_NE,Aaron Rodgers,00-0023459,PIT,NE,QB,23,16,0.6956521739130435,139,2,1,0,0,6.043478260869565,6.043478260869565,5.826086956521739,96.1050724637681,23,6.043478260869565,27,4,1,0,140,2,1,2.0,1.0,1.0,0.008408910840365064,0.5217391304347826,4.534721103581515,4.956521739130435,0.043478260869565216,0.13043478260869565,0.0,11.66,11.66,-64,1,0.21615484158662626
2025,3,2025_03_NO_SEA,Drew Lock,00-0035704,SEA,NO,QB,3,2,0.6666666666666666,15,0,0,0,0,5.0,5.0,5.0,78.47222222222221,3,5.0,4,1,-1,0,14,0,0,,0.14285714285714285,0.06437768240343347,-0.2975742695853114,0.3333333333333333,-14.289780457814535,1.6666666666666667,0.0,0.0,0.0,0.5,0.5,,,
2025,3,2025_03_NO_SEA,Sam Darnold,00-0034869,SEA,NO,QB,18,14,0.7777777777777778,218,2,0,0,0,12.11111111111111,12.11111111111111,14.333333333333334,154.16666666666666,18,12.11111111111111,18,0,0,0,218,2,0,,0.8571428571428571,0.9356223175965666,0.9425963948995089,0.7777777777777778,25.015234070665695,8.777777777777779,0.2222222222222222,0.1111111111111111,0.0,16.72,16.72,-77,0,0.8610517635733189
2025,3,2025_03_ARI_SF,Mac Jones,00-0036972,SF,ARI,QB,41,27,0.6585365853658537,284,1,1,1,-2,6.926829268292683,6.975609756097561,6.214285714285714,83.79065040650406,42,6.809523809523809,43,1,-1,0,283,1,1,1.0,1.0,1.0,0.03576702694874086,0.5714285714285714,3.2555606020124337,7.536585365853658,0.07142857142857142,0.19047619047619047,0.023809523809523808,13.26,13.26,5,-2,-0.02823636251490834
2025,3,2025_03_NYJ_TB,Baker Mayfield,00-0034855,TB,NYJ,QB,29,19,0.6551724137931034,233,1,0,1,-8,8.03448275862069,8.310344827586206,8.7,101.6522988505747,30,8.033333333333333,34,4,44,0,277,1,0,,1.0,1.0,0.2756340785645021,0.4666666666666667,1.1716819015042534,8.0,0.2,0.06666666666666667,0.03333333333333333,17.72,17.72,18,-1,0.29059652447229084
2025,3,2025_03_IND_TEN,Cam Ward,00-0040676,TEN,IND,QB,38,23,0.6052631578947368,219,1,1,4,-23,5.7631578947368425,6.368421052631579,5.166666666666667,74.34210526315789,42,5.761904761904762,45,3,12,0,231,1,1,1.0,1.0,1.0,-0.2982002591959248,0.42857142857142855,-1.3854862135999344,4.868421052631579,0.047619047619047616,0.16666666666666666,0.09523809523809523,11.96,11.96,44,0,-0.1209904124536233
2025,3,2025_03_LV_WAS,Marcus Mariota,00-0032268,WAS,LV,QB,21,15,0.7142857142857143,207,1,0,1,-8,9.857142857142858,10.238095238095237,10.681818181818182,118.5515873015873,22,9.772727272727273,28,6,40,1,247,2,1,,1.0,1.0,0.4901113678443684,0.5454545454545454,14.572758972644806,7.523809523809524,0.09090909090909091,0.13636363636363635,0.045454545454545456,22.28,22.28,,,
2025,4,2025_04_SEA_ARI,Kyler Murray,00-0035228,ARI,SEA,QB,41,27,0.6585365853658537,200,2,2,6,-36,4.878048780487805,5.7560975609756095,3.9574468085106385,73.22154471544715,47,5.0212765957446805,52,5,41,0,241,2,2,1.0,1.0,1.0,-0.07030637838786524,0.40425531914893614,-4.957857504487038,5.804878048780488,0.0,0.1276595744680851,0.1276595744680851,16.1,16.1,41,1,-0.05312267952658329
2025,4,2025_04_WAS_ATL,Michael Penix Jr.,00-0039917,ATL,WAS,QB,26,20,0.7692307692307693,313,2,1,1,-6,12.038461538461538,12.26923076923077,11.62962962962963,125.96153846153845,27,11.814814814814815,31,4,2,0,315,2,1,2.0,1.0,1.0,0.6773213444159644,0.6666666666666666,11.439650104596065,10.538461538461538,0.14814814814814814,0.07407407407407407,0.037037037037037035,18.72,18.72,141,2,1.1996729749922872
2025,4,2025_04_BAL_KC,Cooper Rush,00-0033662,BAL,KC,QB,13,9,0.6923076923076923,52,0,0,0,0,4.0,4.0,4.0,76.4423076923077,13,4.0,13,0,0,0,52,0,0,,0.3939393939393939,0.2613065326633166,-0.449906651978381,0.38461538461538464,7.09460328022639,3.076923076923077,0.0,0.15384615384615385,0.0,2.08,2.08,,,
2025,4,2025_04_BAL_KC,Lamar Jackson,00-0034796,BAL,KC,QB,20,14,0.7,147,1,1,3,-5,7.35,7.6,5.521739130434782,86.87499999999999,23,6.608695652173913,29,6,48,0,195,1,2,1.0,0.6060606060606061,0.7386934673366834,-0.22696424057198164,0.5217391304347826,6.717090474234687,5.9,0.08695652173913043,0.2608695652173913,0.13043478260869565,12.68,12.68,-141,-2,-0.5419036928949751
2025,4,2025_04_NO_BUF,Josh Allen,00-0034857,BUF,NO,QB,22,16,0.7272727272727273,209,2,1,3,-18,9.5,10.318181818181818,8.88,113.63636363636363,25,9.08,32,7,45,1,254,3,1,2.0,1.0,1.0,0.19668739184163314,0.44,9.253221276131542,10.181818181818182,0.12,0.28,0.12,24.86,24.86,-4,0,-0.15829668014123788
2025,4,2025_04_CAR_NE,Andy Dalton,00-0027973,CAR,NE,QB,6,5,0.8333333333333334,58,1,0,0,0,9.666666666666666,9.666666666666666,13.0,146.52777777777777,6,9.666666666666666,6,0,0,0,58,1,0,,0.16666666666666666,0.27884615384615385,1.6523010787689902,0.8333333333333334,23.370016117890675,7.666666666666667,0.3333333333333333,0.0,0.0,6.32,6.32,,,
2025,4,2025_04_CAR_NE,Bryce Young,00-0039150,CAR,NE,QB,30,18,0.6,150,1,0,1,-11,5.0,5.366666666666666,5.838709677419355,84.02777777777777,31,5.193548387096774,32,1,3,0,153,1,0,,0.8333333333333334,0.7211538461538461,-0.28827237298905106,0.41935483870967744,-0.41157202078745914,5.1,0.0,0.12903225806451613,0.03225806451612903,10.3,10.3,29,0,-0.18892057504443877
2025,4,2025_04_CHI_LV,Caleb Williams,00-0039918,CHI,LV,QB,37,22,0.5945945945945946,212,1,1,1,-10,5.72972972972973,6.0,5.184210526315789,73.25450450450451,38,5.842105263157895,46,8,13,0,225,1,1,1.0,1.0,1.0,-0.02874251326415245,0.46153846153846156,-11.36607618795501,6.648648648648648,0.05128205128205128,0.05128205128205128,0.02631578947368421,11.780000000000001,11.780000000000001,-86,-3,-0.6708701821435554
2025,4,2025_04_CIN_DEN,Jake Browning,00-0035100,CIN,DEN,QB,25,14,0.56,125,0,0,3,-19,5.0,5.76,5.142857142857143,69.58333333333334,28,5.142857142857143,31,3,4,0,129,0,0,,1.0,1.0,-0.36980991427859916,0.32142857142857145,-4.895710132338784,8.0,0.03571428571428571,0.17857142857142858,0.10714285714285714,5.4,5.4,-15,-1,0.23257900180310292
2025,4,2025_04_CLE_DET,Dillon Gabriel,00-0040704,CLE,DET,QB,1,0,0.0,0,0,0,0,0,0.0,0.0,0.0,39.58333333333333,1,0.0,1,0,0,0,0,0,0,,0.02857142857142857,0.0,-1.213066232507117,0.0,-57.09201097488403,14.0,0.0,0.0,0.0,0.0,0.0,-19,-1,-2.3537932312465273
2025,4,2025_04_CLE_DET,Joe Flacco,00-0026158,CLE,DET,QB,34,16,0.47058823529411764,184,0,2,3,-14,5.411764705882353,5.823529411764706,2.918918918918919,39.338235294117645,37,5.351351351351352,40,3,-1,0,183,0,3,0.0,0.9714285714285714,1.0,-0.5391145327178642,0.2702702702702703,-15.155589219295617,9.794117647058824,0.05405405405405406,0.24324324324324326,0.08108108108108109,3.2600000000000002,3.2600000000000002,42,0,-0.3099093069740695
2025,4,2025_04_GB_DAL,Dak Prescott,00-0033077,DAL,GB,QB,40,31,0.775,319,3,0,1,0,7.975,7.975,9.24390243902439,124.89583333333334,41,7.780487804878049,42,1,2,1,321,4,0,,1.0,1.0,0.5470947168474021,0.5853658536585366,13.1012120529225,8.175,0.0975609756097561,0.0975609756097561,0.024390243902439025,30.959999999999997,30.959999999999997,68,3,0.5911990157489608
2025,4,2025_04_CIN_DEN,Bo Nix,00-0039732,DEN,CIN,QB,42,29,0.6904761904761905,326,2,1,0,0,7.761904761904762,7.761904761904762,7.642857142857143,97.91666666666666,42,7.761904761904762,48,6,7,1,333,3,1,2.0,1.0,1.0,0.3161856237635393,0.47619047619047616,-2.154946114335741,6.666666666666667,0.11904761904761904,0.023809523809523808,0.0,25.74,25.74,173,2,0.3726868191261091
2025,4,2025_04_CLE_DET,Jared Goff,00-0033106,DET,CLE,QB,27,16,0.5925925925925926,168,2,1,0,0,6.222222222222222,6.222222222222222,6.037037037037037,86.65123456790123,27,6.222222222222222,27,0,0,0,168,2,1,2.0,1.0,1.0,-0.03785590172371833,0.4444444444444444,-0.491202712059021,11.592592592592593,0.1111111111111111,0.18518518518518517,0.0,12.719999999999999,12.719999999999999,-34,1,-0.5467797001686103
2025,4,2025_04_GB_DAL,Jordan Love,00-0036264,GB,DAL,QB,43,31,0.7209302325581395,337,3,0,1,-12,7.837209302325581,8.116279069767442,9.295454545454545,118.07170542635657,44,7.931818181818182,47,3,28,0,365,3,1,,1.0,1.0,0.48752214307015646,0.5909090909090909,15.024238659275902,5.930232558139535,0.09090909090909091,0.09090909090909091,0.022727272727272728,28.28,28.28,154,2,0.5189317171028046
2025,4,2025_04_TEN_HOU,C.J. Stroud,00-0039163,HOU,TEN,QB,28,22,0.7857142857142857,233,2,0,2,-9,8.321428571428571,8.642857142857142,9.4,125.14880952380952,30,8.066666666666666,34,4,11,0,244,2,0,,1.0,1.0,0.26488549782238285,0.4838709677419355,8.142503244536263,6.5,0.12903225806451613,0.16129032258064516,0.06666666666666667,18.42,18.42,29,1,0.3696441486650479
2025,4,2025_04_IND_LA,Daniel Jones,00-0035710,IND,LA,QB,33,24,0.7272727272727273,262,1,2,2,-14,7.9393939393939394,8.363636363636363,5.885714285714286,80.61868686868688,35,7.885714285714286,36,1,-1,0,261,1,2,0.5,1.0,1.0,0.11837909084747983,0.5142857142857142,7.550807576626539,9.484848484848484,0.08571428571428572,0.2,0.05714285714285714,10.38,10.38,34,0,-0.3143665150419671
2025,4,2025_04_JAX_SF,Trevor Lawrence,00-0036971,JAX,SF,QB,31,21,0.6774193548387096,174,1,0,0,0,5.612903225806452,5.612903225806452,6.258064516129032,92.6747311827957,31,5.612903225806452,38,7,7,0,181,1,0,,1.0,1.0,0.17288246404180085,0.53125,0.93662162621816,6.32258064516129,0.03125,0.0,0.0,11.66,11.66,-48,1,0.4001778399649862
2025,4,2025_04_BAL_KC,Patrick Mahomes,00-0033873,KC,BAL,QB,37,25,0.6756756756756757,270,4,0,1,-6,7.297297297297297,7.45945945945946,9.368421052631579,124.83108108108108,38,7.2631578947368425,42,4,5,0,275,4,0,,1.0,1.0,0.4260252202398137,0.5526315789473685,5.857575876372201,7.0,0.05263157894736842,0.07894736842105263,0.02631578947368421,27.3,27.3,46,3,0.21497888406803858
2025,4,2025_04_IND_LA,Matthew Stafford,00-0026498,LA,IND,QB,41,29,0.7073170731707317,375,3,0,3,-15,9.146341463414634,9.512195121951219,10.227272727272727,123.52642276422765,44,8.863636363636363,48,4,4,0,379,3,0,,1.0,1.0,0.324858277422817,0.4772727272727273,5.447497591376305,8.341463414634147,0.09090909090909091,0.18181818181818182,0.06818181818181818,27.4,27.4,179,1,0.397772762893603
2025,4,2025_04_LAC_NYG,Justin Herbert,00-0036355,LAC,NYG,QB,41,23,0.5609756097560976,203,1,2,2,-17,4.951219512195122,5.365853658536586,3.488372093023256,57.26626016260163,43,5.116279069767442,44,1,24,0,227,1,2,0.5,1.0,1.0,-0.4912045703138268,0.32558139534883723,-5.677072468556855,6.463414634146342,0.046511627906976744,0.27906976744186046,0.046511627906976744,10.520000000000001,10.520000000000001,-97,0,-0.44514721462970386
2025,4,2025_04_CHI_LV,Geno Smith,00-0030565,LV,CHI,QB,21,14,0.6666666666666666,117,2,3,0,0,5.571428571428571,5.571428571428571,1.0476190476190477,73.01587301587303,21,5.571428571428571,25,4,31,0,148,2,3,0.6666666666666666,1.0,1.0,-0.45779186964449653,0.5714285714285714,-3.5831913352012634,4.619047619047619,0.0,0.047619047619047616,0.0,9.78,9.78,-172,-1,-0.8075263744027971
2025,4,2025_04_NYJ_MIA,Tua Tagovailoa,00-0036212,MIA,NYJ,QB,25,17,0.68,177,2,0,0,0,7.08,7.08,8.68,114.91666666666667,25,7.08,28,3,6,0,183,2,0,,1.0,1.0,0.4151177559333394,0.48,-1.6991593837738037,5.48,0.08,0.0,0.0,15.68,15.68,31,0,0.41078126070184473
2025,4,2025_04_MIN_PIT,Carson Wentz,00-0032950,MIN,PIT,QB,46,30,0.6521739130434783,350,2,2,6,-48,7.608695652173913,8.652173913043478,6.6923076923076925,84.51086956521738,52,7.653846153846154,54,2,12,0,362,2,2,1.0,1.0,1.0,0.05989268351890165,0.4528301886792453,5.204265883990696,7.282608695652174,0.07547169811320754,0.24528301886792453,0.11538461538461539,19.2,19.2,177,0,-0.35069643914549103
2025,4,2025_04_CAR_NE,Drake Maye,00-0039851,NE,CAR,QB,17,14,0.8235294117647058,203,2,0,1,0,11.941176470588236,11.941176470588236,13.5,155.63725490196077,18,11.277777777777779,21,3,11,1,214,3,0,,0.9444444444444444,1.0,1.0708685504004178,0.6666666666666666,20.40544915944338,7.823529411764706,0.2777777777777778,0.05555555555555555,0.05555555555555555,23.220000000000002,23.220000000000002,-65,1,1.037227621995419
2025,4,2025_04_CAR_NE,Joshua Dobbs,00-0033949,NE,CAR,QB,1,0,0.0,0,0,0,0,0,0.0,0.0,0.0,39.58333333333333,1,0.0,4,3,-2,0,-2,0,0,,0.05555555555555555,0.0,-0.8546301424503326,0.0,-56.35983347892761,18.0,0.0,0.0,0.0,-0.2,-0.2,,,
2025,4,2025_04_NO_BUF,Spencer Rattler,00-0039376,NO,BUF,QB,27,18,0.6666666666666666,126,1,0,3,-17,4.666666666666667,5.296296296296297,5.433333333333334,89.429012345679,30,4.766666666666667,36,6,49,0,175,1,0,,0.9642857142857143,1.0,-0.2803313403594493,0.36666666666666664,7.095380624135335,4.444444444444445,0.0,0.13333333333333333,0.1,13.94,13.94,-92,0,-0.31552205903253217
2025,4,2025_04_LAC_NYG,Jaxson Dart,00-0040691,NYG,LAC,QB,20,13,0.65,111,1,0,5,-25,5.55,6.8,6.24,96.04166666666667,25,5.44,35,10,54,1,165,2,0,,0.9523809523809523,0.9327731092436975,-0.18147767337905235,0.44,-0.2881464205290142,6.35,0.0,0.28,0.2,19.840000000000003,19.840000000000003,,,
2025,4,2025_04_LAC_NYG,Russell Wilson,00-0029263,NYG,LAC,QB,1,1,1.0,8,0,0,1,-5,8.0,13.0,6.5,100.0,2,6.5,2,0,0,0,8,0,0,,0.047619047619047616,0.06722689075630252,-1.0842928246129304,0.0,9.14948582649231,-5.0,0.0,0.5,0.5,0.32,0.32,-152,0,-0.6484538544780876
2025,4,2025_04_NYJ_MIA,Justin Fields,00-0036945,NYJ,MIA,QB,27,20,0.7407407407407407,226,1,0,2,-19,8.37037037037037,9.074074074074074,9.137931034482758,111.03395061728394,29,8.448275862068966,36,7,81,1,307,2,1,,1.0,1.0,0.19340443717413025,0.6206896551724138,5.086048664870085,7.592592592592593,0.06896551724137931,0.10344827586206896,0.06896551724137931,27.14,27.14,199,2,0.9260855918281692
2025,4,2025_04_PHI_TB,Jalen Hurts,00-0036389,PHI,TB,QB,24,15,0.625,130,2,0,2,-18,5.416666666666667,6.166666666666667,7.230769230769231,104.51388888888889,26,5.6923076923076925,35,9,62,0,192,2,0,,1.0,1.0,-0.04972554032708733,0.46153846153846156,-4.997034619251887,6.958333333333333,0.07692307692307693,0.11538461538461539,0.07692307692307693,19.4,19.4,-96,-2,-0.04400666033979041
2025,4,2025_04_MIN_PIT,Aaron Rodgers,00-0023459,PIT,MIN,QB,22,18,0.8181818181818182,200,1,0,2,-18,9.090909090909092,9.909090909090908,9.916666666666666,119.69696969696967,24,9.083333333333334,27,3,8,0,208,1,0,,1.0,1.0,0.15832219832645697,0.5416666666666666,9.5908369530331,3.3181818181818183,0.041666666666666664,0.125,0.08333333333333333,12.8,12.8,61,-1,0.1499132874860919
2025,4,2025_04_SEA_ARI,Sam Darnold,00-0034869,SEA,ARI,QB,26,18,0.6923076923076923,242,1,0,3,-13,9.307692307692308,9.807692307692308,9.482758620689655,111.37820512820511,29,8.793103448275861,30,1,24,0,266,1,0,,1.0,1.0,0.3421160452102158,0.5172413793103449,6.929043804605802,9.115384615384615,0.13793103448275862,0.10344827586206896,0.10344827586206896,16.08,16.08,24,-1,-0.600480349689293
2025,4,2025_04_JAX_SF,Brock Purdy,00-0037834,SF,JAX,QB,38,22,0.5789473684210527,309,2,2,1,-3,8.131578947368421,8.210526315789474,6.717948717948718,79.82456140350878,39,8.0,41,2,13,0,322,2,3,1.0,1.0,1.0,0.08429919089527838,0.55,-8.329106665946341,8.052631578947368,0.15,0.075,0.02564102564102564,17.66,17.66,32,0,-0.28597536902911386
2025,4,2025_04_PHI_TB,Baker Mayfield,00-0034855,TB,PHI,QB,40,22,0.55,289,2,1,2,-17,7.225,7.65,7.166666666666667,84.27083333333334,42,7.285714285714286,44,2,13,0,302,2,1,2.0,1.0,1.0,-0.12950777124457696,0.3333333333333333,-10.171916622381945,7.975,0.047619047619047616,0.023809523809523808,0.047619047619047616,18.860000000000003,18.860000000000003,56,1,-0.4051418498090791
2025,4,2025_04_TEN_HOU,Cam Ward,00-0040676,TEN,HOU,QB,26,10,0.38461538461538464,108,0,1,2,-15,4.153846153846154,4.730769230769231,2.7857142857142856,35.416666666666664,28,4.392857142857143,30,2,22,0,130,0,1,0.0,1.0,1.0,-0.5929855452567825,0.25,-24.49821518815082,7.3076923076923075,0.07142857142857142,0.25,0.07142857142857142,4.5200000000000005,4.5200000000000005,-111,-1,-0.2947852860608577
2025,4,2025_04_WAS_ATL,Marcus Mariota,00-0032268,WAS,ATL,QB,27,16,0.5925925925925926,156,2,1,2,-9,5.777777777777778,6.111111111111111,5.517241379310345,84.79938271604938,29,5.689655172413793,31,2,20,0,176,2,1,2.0,1.0,1.0,-0.001546808507498539,0.4666666666666667,3.1432081013917923,10.592592592592593,0.03333333333333333,0.16666666666666666,0.06896551724137931,14.24,14.24,-51,0,-0.4916581763518669
2025,5,2025_05_TEN_ARI,Jacoby Brissett,00-0033119,ARI,TEN,QB,1,0,0.0,0,0,0,0,0,0.0,0.0,0.0,39.58333333333333,1,0.0,1,0,0,0,0,0,0,,0.03125,0.0,-0.7791321533732116,0.0,-67.0459508895874,9.0,0.0,0.0,0.0,0.0,0.0,,,
2025,5,2025_05_TEN_ARI,Kyler Murray,00-0035228,ARI,TEN,QB,31,23,0.7419354838709677,220,0,0,3,-28,7.096774193548387,8.0,7.294117647058823,93.48118279569893,34,7.294117647058823,38,4,25,1,245,1,1,,0.96875,1.0,0.058206970132339525,0.4117647058823529,8.129388710548138,6.451612903225806,0.058823529411764705,0.14705882352941177,0.08823529411764706,17.3,17.3,20,-1,0.12851334852020477
2025,5,2025_05_HOU_BAL,Cooper Rush,00-0033662,BAL,HOU,QB,20,14,0.7,179,0,3,1,-16,8.95,9.75,2.857142857142857,58.12499999999999,21,9.285714285714286,21,0,0,0,179,0,3,0.0,1.0,1.0,-0.37595030913918603,0.47619047619047616,-0.31771227717399597,8.15,0.09523809523809523,0.09523809523809523,0.047619047619047616,1.1600000000000001,1.1600000000000001,127,0,0.07395634283919494
2025,5,2025_05_NE_BUF,Josh Allen,00-0034857,BUF,NE,QB,31,22,0.7096774193548387,253,2,1,1,-8,8.161290322580646,8.419354838709678,8.0,103.29301075268818,32,8.15625,41,9,53,0,306,2,2,2.0,1.0,1.0,0.3326843201748582,0.5625,5.940981755654017,7.935483870967742,0.15625,0.125,0.03125,21.42,21.42,44,-1,0.13599692833322508
2025,5,2025_05_MIA_CAR,Bryce Young,00-0039150,CAR,MIA,QB,30,19,0.6333333333333333,198,2,1,3,-19,6.6,7.233333333333333,6.424242424242424,90.69444444444443,33,6.575757575757576,36,3,1,0,199,2,2,2.0,1.0,1.0,-0.039540593444412006,0.42424242424242425,8.688226231822261,8.133333333333333,0.09090909090909091,0.21212121212121213,0.09090909090909091,14.02,14.02,48,1,0.24873177954463904
2025,5,2025_05_DET_CIN,Jake Browning,00-0035100,CIN,DET,QB,40,26,0.65,251,3,3,2,-14,6.275,6.625,4.523809523809524,76.14583333333333,42,6.309523809523809,46,4,31,0,282,3,3,1.0,1.0,1.0,-0.20871693920939058,0.38095238095238093,0.007850751280784607,8.475,0.07142857142857142,0.21428571428571427,0.047619047619047616,19.14,19.14,126,3,0.16109297506920858
2025,5,2025_05_MIN_CLE,Dillon Gabriel,00-0040704,CLE,MIN,QB,33,19,0.5757575757575758,190,2,0,2,-8,5.757575757575758,6.0,6.8,94.25505050505049,35,5.6571428571428575,37,2,5,0,195,2,0,,1.0,1.0,-0.06513857957075993,0.34285714285714286,-6.815527845174074,6.303030303030303,0.05714285714285714,0.08571428571428572,0.05714285714285714,16.1,16.1,190,2,1.1479276529363571
2025,5,2025_05_DAL_NYJ,Dak Prescott,00-0033077,DAL,NYJ,QB,29,18,0.6206896551724138,237,4,0,1,-1,8.172413793103448,8.206896551724139,10.6,127.44252873563218,30,7.933333333333334,37,7,28,0,265,4,0,,1.0,1.0,0.39495765954070855,0.4,-0.6138832441398075,8.0,0.13333333333333333,0.1,0.03333333333333333,28.28,28.28,-82,0,-0.15213705730669352
2025,5,2025_05_DEN_PHI,Bo Nix,00-0039732,DEN,PHI,QB,39,24,0.6153846153846154,242,1,0,2,-14,6.205128205128205,6.564102564102564,6.7317073170731705,87.76709401709401,41,6.2439024390243905,44,3,22,0,264,1,0,,1.0,1.0,0.10100159577762013,0.5,0.7757284988959631,8.153846153846153,0.047619047619047616,0.19047619047619047,0.04878048780487805,15.879999999999999,15.879999999999999,-84,-2,-0.21518402798591918
2025,5,2025_05_DET_CIN,Jared Goff,00-0033106,DET,CIN,QB,23,19,0.8260869565217391,258,3,0,4,-14,11.217391304347826,11.826086956521738,12.296296296296296,152.98913043478262,27,10.074074074074074,29,2,-2,0,256,3,1,,0.9583333333333334,0.9885057471264368,0.4311052385170047,0.6666666666666666,15.93622402711348,4.478260869565218,0.14814814814814814,0.25925925925925924,0.14814814814814814,22.12,22.12,90,1,0.46896114024072305
2025,5,2025_05_HOU_BAL,C.J. Stroud,00-0039163,HOU,BAL,QB,27,23,0.8518518518518519,244,4,0,2,-17,9.037037037037036,9.666666666666666,11.758620689655173,143.9043209876543,29,9.0,30,1,30,0,274,4,0,,0.8709677419354839,0.9138576779026217,0.6292390579298852,0.7241379310344828,19.440503473635072,7.62962962962963,0.10344827586206896,0.10344827586206896,0.06896551724137931,28.759999999999998,28.759999999999998,11,2,0.36435356010750236
2025,5,2025_05_HOU_BAL,Davis Mills,00-0036898,HOU,BAL,QB,4,2,0.5,23,0,0,0,0,5.75,5.75,5.75,67.70833333333333,4,5.75,7,3,3,0,26,0,0,,0.12903225806451613,0.08614232209737828,0.18222164583858103,0.5,-5.814893543720245,13.25,0.0,0.25,0.0,1.2200000000000002,1.2200000000000002,,,
2025,5,2025_05_LV_IND,Anthony Richardson,00-0039164,IND,LV,QB,2,1,0.5,9,0,0,0,0,4.5,4.5,4.5,62.5,2,4.5,2,0,0,0,9,0,0,,0.0625,0.04072398190045249,-0.6058099765796214,0.5,-8.090043067932129,15.5,0.0,0.0,0.0,0.36,0.36,,,
2025,5,2025_05_LV_IND,Daniel Jones,00-0035710,IND,LV,QB,29,20,0.6896551724137931,212,2,0,0,0,7.310344827586207,7.310344827586207,8.689655172413794,113.00287356321839,29,7.310344827586207,30,1,2,0,214,2,0,,0.90625,0.9592760180995475,0.38623574189251675,0.53125,-1.1634295356684718,7.758620689655173,0.0625,0.0625,0.0,16.68,16.68,-50,1,0.2678566510450369
2025,5,2025_05_KC_JAX,Trevor Lawrence,00-0036971,JAX,KC,QB,25,18,0.72,221,1,1,3,-11,8.84,9.28,7.392857142857143,95.58333333333333,28,8.285714285714286,38,10,54,2,275,3,2,1.0,1.0,1.0,-0.0265683713444671,0.42857142857142855,8.061216115951538,8.36,0.14285714285714285,0.25,0.10714285714285714,28.240000000000002,28.240000000000002,47,2,-0.19945083538626796
2025,5,2025_05_KC_JAX,Patrick Mahomes,00-0033873,KC,JAX,QB,41,29,0.7073170731707317,318,1,1,0,0,7.7560975609756095,7.7560975609756095,7.146341463414634,91.3109756097561,41,7.7560975609756095,47,6,60,1,378,2,1,1.0,1.0,1.0,0.06498334619852646,0.6829268292682927,6.204959228634834,9.78048780487805,0.0975609756097561,0.0975609756097561,0.0,26.72,26.72,48,-2,-0.36104187404128724
2025,5,2025_05_SF_LA,Matthew Stafford,00-0026498,LA,SF,QB,47,30,0.6382978723404256,389,3,0,1,-11,8.27659574468085,8.51063829787234,9.583333333333334,111.03723404255317,48,8.333333333333334,49,1,0,0,389,3,1,,1.0,1.0,0.31400944133794156,0.5625,-3.2675007763116257,11.23404255319149,0.14583333333333334,0.041666666666666664,0.020833333333333332,27.560000000000002,27.560000000000002,14,0,-0.010848836084875413
2025,5,2025_05_WAS_LAC,Justin Herbert,00-0036355,LAC,WAS,QB,29,22,0.7586206896551724,166,1,1,4,-24,5.724137931034483,6.551724137931035,5.0,86.27873563218391,33,5.757575757575758,37,4,60,0,226,1,1,1.0,0.8787878787878788,0.7904761904761904,-0.18558912313707288,0.36363636363636365,3.938473709698381,3.793103448275862,0.030303030303030304,0.21212121212121213,0.12121212121212122,14.64,14.64,-37,0,0.30561544717675393
2025,5,2025_05_WAS_LAC,Trey Lance,00-0037012,LAC,WAS,QB,4,3,0.75,44,0,0,1,-5,11.0,12.25,9.8,110.41666666666666,5,9.8,6,1,11,0,55,0,0,,0.12121212121212122,0.20952380952380953,-0.28418340551434085,0.4,23.1281836827596,4.25,0.2,0.2,0.2,2.8600000000000003,2.8600000000000003,,,
2025,5,2025_05_LV_IND,Geno Smith,00-0030565,LV,IND,QB,36,25,0.6944444444444444,228,0,2,4,-38,6.333333333333333,7.388888888888889,4.4,63.19444444444444,40,6.65,43,3,8,0,236,0,2,0.0,1.0,1.0,-0.27258616969132177,0.475,-0.3144454624917772,6.777777777777778,0.05,0.125,0.1,5.920000000000001,5.920000000000001,111,-2,0.18520569995317476
2025,5,2025_05_MIA_CAR,Tua Tagovailoa,00-0036212,MIA,CAR,QB,36,27,0.75,256,3,0,3,-27,7.111111111111111,7.861111111111111,8.794871794871796,121.99074074074075,39,7.256410256410256,40,1,5,0,261,3,0,,1.0,1.0,0.2944920844234508,0.46153846153846156,14.81027743395637,7.972222222222222,0.07692307692307693,0.07692307692307693,0.07692307692307693,22.740000000000002,22.740000000000002,79,1,-0.12062567150988857
2025,5,2025_05_MIN_CLE,Carson Wentz,00-0032950,MIN,CLE,QB,34,25,0.7352941176470589,236,1,0,3,-16,6.9411764705882355,7.411764705882353,7.351351351351352,102.08333333333333,37,6.8108108108108105,40,3,13,0,249,1,0,,0.9714285714285714,0.8805970149253731,0.23512730869648812,0.5405405405405406,6.860750371759588,6.970588235294118,0.10810810810810811,0.08108108108108109,0.08108108108108109,14.74,14.74,-114,-1,0.17523462517758648
2025,5,2025_05_NE_BUF,Drake Maye,00-0039851,NE,BUF,QB,30,22,0.7333333333333333,273,0,0,4,-6,9.1,9.3,8.205882352941176,101.11111111111111,34,8.205882352941176,37,3,12,0,285,0,0,,1.0,1.0,0.28623057582152145,0.5294117647058824,13.756121375731059,7.1,0.11764705882352941,0.20588235294117646,0.11764705882352941,12.120000000000001,12.120000000000001,70,-3,-0.7846379745788964
2025,5,2025_05_NYG_NO,Spencer Rattler,00-0039376,NO,NYG,QB,31,21,0.6774193548387096,225,1,0,0,0,7.258064516129032,7.258064516129032,7.903225806451613,99.5295698924731,31,7.258064516129032,37,6,21,0,246,1,0,,0.96875,0.9221311475409836,0.24127487305026799,0.5161290322580645,-3.1505967179934182,7.129032258064516,0.03225806451612903,0.03225806451612903,0.0,15.1,15.1,99,0,0.5216062134097172
2025,5,2025_05_NYG_NO,Jaxson Dart,00-0040691,NYG,NO,QB,40,26,0.65,202,2,2,1,-3,5.05,5.125,3.7804878048780486,73.125,41,5.0,48,7,55,0,257,2,3,1.0,1.0,1.0,-0.3085013448272082,0.4146341463414634,-1.743929317364326,8.2,0.0,0.12195121951219512,0.024390243902439025,17.58,17.58,91,0,-0.12702367144815585
2025,5,2025_05_DAL_NYJ,Justin Fields,00-0036945,NYJ,DAL,QB,46,32,0.6956521739130435,283,2,0,5,-49,6.1521739130434785,7.217391304347826,7.294117647058823,100.18115942028984,51,6.509803921568627,58,7,26,0,309,2,0,,1.0,1.0,0.07374088766143326,0.49056603773584906,5.117593841119246,6.695652173913044,0.018867924528301886,0.24528301886792453,0.09803921568627451,21.92,21.92,57,0,-0.11966354951269699
2025,5,2025_05_DEN_PHI,Jalen Hurts,00-0036389,PHI,DEN,QB,38,23,0.6052631578947368,280,2,0,6,-23,7.368421052631579,7.973684210526316,7.795454545454546,100.7675438596491,44,6.886363636363637,46,2,3,0,283,2,0,,1.0,1.0,0.011476762053340916,0.4090909090909091,-2.2626442683709636,10.947368421052632,0.09090909090909091,0.1590909090909091,0.13636363636363635,19.500000000000004,19.500000000000004,150,0,0.061202302380428245
2025,5,2025_05_TB_SEA,Sam Darnold,00-0034869,SEA,TB,QB,34,28,0.8235294117647058,341,4,1,0,0,10.029411764705882,10.029411764705882,11.058823529411764,135.41666666666666,34,10.029411764705882,34,0,0,0,341,4,1,4.0,1.0,1.0,0.6886211766530251,0.7352941176470589,16.30231229697957,8.088235294117647,0.14705882352941177,0.058823529411764705,0.0,27.64,27.64,99,3,0.3465051314428093
2025,5,2025_05_SF_LA,Mac Jones,00-0036972,SF,LA,QB,49,33,0.673469387755102,342,2,0,1,-9,6.979591836734694,7.163265306122449,7.82,100.89285714285714,50,7.02,54,4,5,0,347,2,0,,1.0,1.0,0.2800355778161854,0.58,-0.9093616157770157,5.918367346938775,0.02,0.18,0.02,22.18,22.18,58,1,0.24426855086744453
2025,5,2025_05_TB_SEA,Baker Mayfield,00-0034855,TB,SEA,QB,33,29,0.8787878787878788,379,2,0,1,-9,11.484848484848484,11.757575757575758,12.588235294117647,134.7222222222222,34,11.411764705882353,39,5,15,0,394,2,0,,1.0,1.0,0.7423054357730114,0.6,20.44649673625827,7.787878787878788,0.2,0.02857142857142857,0.029411764705882353,24.66,24.66,90,0,0.8718132070175884
2025,5,2025_05_TEN_ARI,Cam Ward,00-0040676,TEN,ARI,QB,39,21,0.5384615384615384,265,0,1,2,-16,6.794871794871795,7.205128205128205,5.7560975609756095,64.58333333333333,41,6.853658536585366,46,5,-6,0,259,0,1,0.0,1.0,1.0,0.03896874644261369,0.4146341463414634,-9.621611318072757,10.794871794871796,0.07317073170731707,0.0975609756097561,0.04878048780487805,8.0,8.0,157,0,0.6319542916993962
2025,5,2025_05_WAS_LAC,Jayden Daniels,00-0039910,WAS,LAC,QB,26,15,0.5769230769230769,231,1,0,1,-5,8.884615384615385,9.076923076923077,9.481481481481481,100.0,27,8.74074074074074,35,8,39,0,270,1,0,,1.0,1.0,0.5187550401090666,0.5925925925925926,-0.7532947737237682,9.192307692307692,0.14814814814814814,0.037037037037037035,0.037037037037037035,17.14,17.14,31,-1,0.6912152569499197
2025,6,2025_06_ARI_IND,Jacoby Brissett,00-0033119,ARI,IND,QB,44,27,0.6136363636363636,320,2,1,2,-8,7.2727272727272725,7.454545454545454,7.021739130434782,89.20454545454545,46,7.130434782608695,49,3,19,0,339,2,1,2.0,1.0,1.0,0.13604552847505286,0.4782608695652174,4.625235918240669,8.886363636363637,0.15217391304347827,0.2608695652173913,0.043478260869565216,20.7,20.7,320,2,0.9151776818482644
2025,6,2025_06_BUF_ATL,Michael Penix Jr.,00-0039917,ATL,BUF,QB,32,20,0.625,250,1,0,2,-17,7.8125,8.34375,8.441176470588236,97.13541666666666,34,7.852941176470588,36,2,6,0,256,1,0,,1.0,1.0,-0.01233146561328261,0.4411764705882353,-6.361269758593652,7.25,0.17647058823529413,0.11764705882352941,0.058823529411764705,14.6,14.6,-63,-1,-0.6896528100292469
2025,6,2025_06_LA_BAL,Cooper Rush,00-0033662,BAL,LA,QB,19,11,0.5789473684210527,72,0,1,0,0,3.789473684210526,3.789473684210526,1.4210526315789473,44.18859649122807,19,3.789473684210526,20,1,0,0,72,0,2,0.0,0.5588235294117647,0.5142857142857142,-0.268601537352447,0.42105263157894735,-9.353375591729817,6.947368421052632,0.0,0.15789473684210525,0.0,0.8799999999999999,0.8799999999999999,-107,0,0.10734877178673902
2025,6,2025_06_LA_BAL,Tyler Huntley,00-0035993,BAL,LA,QB,15,10,0.6666666666666666,68,0,0,4,-23,4.533333333333333,6.066666666666666,4.7894736842105265,76.52777777777777,19,4.7894736842105265,22,3,39,0,107,0,0,,0.4411764705882353,0.4857142857142857,-0.38188232917730747,0.3157894736842105,9.091323188373021,5.733333333333333,0.0,0.42105263157894735,0.21052631578947367,6.620000000000001,6.620000000000001,,,
2025,6,2025_06_BUF_ATL,Josh Allen,00-0034857,BUF,ATL,QB,26,15,0.5769230769230769,180,2,2,4,-23,6.923076923076923,7.8076923076923075,5.1,72.59615384615384,30,6.766666666666667,36,6,42,0,222,2,2,1.0,1.0,1.0,-0.2389284125538931,0.4,-7.8905483851066,11.038461538461538,0.03333333333333333,0.2,0.13333333333333333,15.399999999999999,15.399999999999999,-73,0,-0.5716127327287513
2025,6,2025_06_DAL_CAR,Bryce Young,00-0039150,CAR,DAL,QB,25,17,0.68,199,3,1,1,-5,7.96,8.16,8.423076923076923,114.83333333333334,26,7.846153846153846,29,3,5,0,204,3,1,3.0,1.0,1.0,0.08466832269793789,0.46153846153846156,13.688871406373524,6.16,0.11538461538461539,0.19230769230769232,0.038461538461538464,18.46,18.46,1,1,0.1242089161423499
2025,6,2025_06_CHI_WAS,Caleb Williams,00-0039918,CHI,WAS,QB,29,17,0.5862068965517241,252,1,0,3,-16,8.689655172413794,9.241379310344827,9.0,98.63505747126436,32,8.375,36,4,-2,1,250,2,0,,1.0,1.0,0.09926781944302285,0.42424242424242425,-8.219391313092462,8.482758620689655,0.12121212121212122,0.12121212121212122,0.09375,19.880000000000003,19.880000000000003,40,1,0.1280103327071753
2025,6,2025_06_CIN_GB,Joe Flacco,00-0026158,CIN,GB,QB,45,29,0.6444444444444445,219,2,0,1,-6,4.866666666666666,5.0,5.760869565217392,90.87962962962962,46,4.891304347826087,46,0,0,0,219,2,0,,1.0,1.0,0.13822121518063993,0.46808510638297873,4.669453985989094,5.977777777777778,0.0,0.10638297872340426,0.021739130434782608,16.759999999999998,16.759999999999998,,,
2025,6,2025_06_CLE_PIT,Dillon Gabriel,00-0040704,CLE,PIT,QB,52,29,0.5576923076923077,221,0,0,6,-38,4.25,4.980769230769231,4.4655172413793105,66.26602564102564,58,4.4655172413793105,58,0,0,0,221,0,0,,1.0,1.0,-0.23926924503903252,0.3275862068965517,-10.692872720606188,6.038461538461538,0.017241379310344827,0.2413793103448276,0.10344827586206896,8.84,8.84,31,-2,-0.1741306654682726
2025,6,2025_06_DAL_CAR,Dak Prescott,00-0033077,DAL,CAR,QB,34,25,0.7352941176470589,261,3,0,0,0,7.676470588235294,7.676470588235294,9.441176470588236,124.75490196078431,34,7.676470588235294,36,2,-1,0,260,3,0,,1.0,1.0,0.5219220168028714,0.5294117647058824,7.128864263786989,5.5588235294117645,0.08823529411764706,0.058823529411764705,0.0,22.339999999999996,22.339999999999996,24,-1,0.12696435726216287
2025,6,2025_06_DEN_NYJ,Bo Nix,00-0039732,DEN,NYJ,QB,30,19,0.6333333333333333,174,1,0,1,-6,5.8,6.0,6.451612903225806,90.13888888888889,31,5.806451612903226,36,5,24,0,198,1,0,,1.0,1.0,0.1647473233559267,0.41935483870967744,3.521407567537748,5.1,0.03225806451612903,0.0967741935483871,0.03225806451612903,13.360000000000001,13.360000000000001,-68,0,0.06374572757830657
2025,6,2025_06_DET_KC,Jared Goff,00-0033106,DET,KC,QB,29,23,0.7931034482758621,203,2,0,1,-4,7.0,7.137931034482759,8.233333333333333,118.82183908045975,30,6.9,31,1,7,0,210,2,0,,1.0,1.0,0.22377171270394078,0.6,14.184024267726475,3.7586206896551726,0.1,0.13333333333333333,0.03333333333333333,16.82,16.82,-55,-1,-0.20733352581306394
2025,6,2025_06_CIN_GB,Jordan Love,00-0036264,GB,CIN,QB,26,19,0.7307692307692307,259,1,1,1,-3,9.961538461538462,10.076923076923077,8.777777777777779,101.28205128205127,27,9.703703703703704,34,7,26,0,285,1,1,1.0,1.0,1.0,0.27244859790722564,0.6296296296296297,6.610824282352741,9.461538461538462,0.2222222222222222,0.14814814814814814,0.037037037037037035,14.959999999999999,14.959999999999999,-78,-2,-0.2150735451629308
2025,6,2025_06_ARI_IND,Daniel Jones,00-0035710,IND,ARI,QB,30,22,0.7333333333333333,212,2,1,1,-7,7.066666666666666,7.3,6.903225806451613,100.97222222222221,31,7.064516129032258,36,5,20,1,232,3,1,2.0,1.0,1.0,0.09187816215727403,0.5161290322580645,3.7489487727483115,6.8,0.0967741935483871,0.1935483870967742,0.03225806451612903,22.48,22.48,0,1,-0.29435757973524274
2025,6,2025_06_SEA_JAX,Trevor Lawrence,00-0036971,JAX,SEA,QB,42,27,0.6428571428571429,258,2,0,7,-44,6.142857142857143,7.190476190476191,6.979591836734694,97.12301587301587,49,6.163265306122449,52,3,9,0,267,2,0,,1.0,1.0,-0.007894826990846034,0.3877551020408163,-2.139047710668473,7.619047619047619,0.061224489795918366,0.2653061224489796,0.14285714285714285,19.22,19.22,37,-1,0.018673544353621067
2025,6,2025_06_DET_KC,Patrick Mahomes,00-0033873,KC,DET,QB,30,22,0.7333333333333333,257,3,0,3,-14,8.566666666666666,9.033333333333333,10.030303030303031,132.22222222222223,33,8.212121212121213,43,10,32,1,289,4,0,,1.0,1.0,0.47189648141840423,0.6060606060606061,7.661985499518258,5.133333333333334,0.06060606060606061,0.09090909090909091,0.09090909090909091,31.48,31.48,-61,2,0.40691313521987776
2025,6,2025_06_LA_BAL,Matthew Stafford,00-0026498,LA,BAL,QB,26,17,0.6538461538461539,181,1,0,2,-14,6.961538461538462,7.5,7.678571428571429,98.3974358974359,28,6.964285714285714,32,4,1,0,182,1,1,,1.0,1.0,0.034265899066395225,0.5357142857142857,0.7012727168890146,8.807692307692308,0.14285714285714285,0.07142857142857142,0.07142857142857142,11.34,11.34,-208,-2,-0.27974354227154635
2025,6,2025_06_LAC_MIA,Justin Herbert,00-0036355,LAC,MIA,QB,38,29,0.7631578947368421,264,2,0,1,-1,6.947368421052632,6.973684210526316,7.82051282051282,112.17105263157893,39,6.794871794871795,40,1,2,0,266,2,0,,1.0,1.0,0.324151024497817,0.5641025641025641,8.790127697743868,5.7894736842105265,0.07692307692307693,0.1794871794871795,0.02564102564102564,18.76,18.76,98,1,0.50974014763489
2025,6,2025_06_TEN_LV,Geno Smith,00-0030565,LV,TEN,QB,23,17,0.7391304347826086,174,1,1,2,-16,7.565217391304348,8.26086956521739,6.6,91.57608695652173,25,7.6,29,4,-3,0,171,1,1,1.0,1.0,1.0,0.022773055117577313,0.48,2.7602197035499243,2.5217391304347827,0.08,0.28,0.08,8.66,8.66,-54,1,0.2953592248088991
2025,6,2025_06_LAC_MIA,Tua Tagovailoa,00-0036212,MIA,LAC,QB,32,21,0.65625,205,1,3,2,-9,6.40625,6.6875,2.911764705882353,54.81770833333333,34,6.294117647058823,35,1,4,0,209,1,3,0.3333333333333333,0.9696969696969697,0.9624413145539906,-0.0009820180808669597,0.47058823529411764,2.047500836438146,6.6875,0.058823529411764705,0.11764705882352941,0.058823529411764705,6.6,6.6,-51,-2,-0.29547410250431777
2025,6,2025_06_NE_NO,Drake Maye,00-0039851,NE,NO,QB,26,18,0.6923076923076923,261,3,0,1,-1,10.038461538461538,10.076923076923077,11.925925925925926,140.06410256410254,27,9.703703703703704,36,9,28,0,289,3,0,,1.0,1.0,0.6446902683953553,0.6296296296296297,9.953209881981214,10.923076923076923,0.14814814814814814,0.1111111111111111,0.037037037037037035,25.24,25.24,-12,3,0.3584596925738338
2025,6,2025_06_NE_NO,Spencer Rattler,00-0039376,NO,NE,QB,26,20,0.7692307692307693,227,0,0,2,-4,8.73076923076923,8.884615384615385,8.25,102.56410256410255,28,8.25,32,4,20,0,247,0,0,,1.0,1.0,0.13945795546179,0.5357142857142857,6.551737166368044,8.5,0.10714285714285714,0.14285714285714285,0.07142857142857142,11.08,11.08,2,-1,-0.101816917588478
2025,6,2025_06_PHI_NYG,Jaxson Dart,00-0040691,NYG,PHI,QB,25,17,0.68,195,1,0,2,-1,7.8,7.84,8.0,104.58333333333334,27,7.2592592592592595,40,13,58,1,253,2,0,,0.9615384615384616,1.0,0.27920675319102073,0.48148148148148145,4.429148316383362,9.16,0.14814814814814814,0.1111111111111111,0.07407407407407407,23.6,23.6,-7,0,0.587708098018229
2025,6,2025_06_PHI_NYG,Russell Wilson,00-0029263,NYG,PHI,QB,1,0,0.0,0,0,0,0,0,0.0,0.0,0.0,39.58333333333333,1,0.0,1,0,0,0,0,0,0,,0.038461538461538464,0.0,-1.7682281213346869,0.0,-56.90825581550598,10.0,0.0,0.0,0.0,0.0,0.0,-8,0,-0.6839352967217565
2025,6,2025_06_DEN_NYJ,Justin Fields,00-0036945,NYJ,DEN,QB,17,9,0.5294117647058824,45,0,0,9,-55,2.6470588235294117,5.882352941176471,3.8461538461538463,58.700980392156865,26,3.8461538461538463,33,7,31,0,76,0,0,,1.0,1.0,-0.7969791557923614,0.11538461538461539,-14.768174476921558,5.529411764705882,0.0,0.4230769230769231,0.34615384615384615,4.9,4.9,-238,-2,-0.8707200434537947
2025,6,2025_06_PHI_NYG,Jalen Hurts,00-0036389,PHI,NYG,QB,33,24,0.7272727272727273,283,1,1,3,-17,8.575757575757576,9.090909090909092,7.638888888888889,95.89646464646464,36,8.333333333333334,43,7,13,1,296,2,1,1.0,1.0,1.0,0.06004395157719314,0.5277777777777778,9.212653245776892,9.575757575757576,0.08333333333333333,0.08333333333333333,0.08333333333333333,20.62,20.62,3,0,0.04856718952385222
2025,6,2025_06_CLE_PIT,Aaron Rodgers,00-0023459,PIT,CLE,QB,30,21,0.7,235,2,0,0,0,7.833333333333333,7.833333333333333,9.166666666666666,115.27777777777777,30,7.833333333333333,31,1,1,0,236,2,0,,1.0,1.0,0.3199733245624314,0.5,8.184740769452063,7.433333333333334,0.16666666666666666,0.1,0.0,17.5,17.5,35,1,0.1616511262359744
2025,6,2025_06_SEA_JAX,Sam Darnold,00-0034869,SEA,JAX,QB,27,16,0.5925925925925926,295,2,0,1,-9,10.925925925925926,11.25925925925926,12.285714285714286,121.68209876543207,28,10.857142857142858,32,4,2,0,297,2,0,,1.0,1.0,0.37587499025335286,0.42857142857142855,7.398529102404912,13.37037037037037,0.17857142857142858,0.14285714285714285,0.03571428571428571,20.0,20.0,-46,-2,-0.3127461863996723
2025,6,2025_06_SF_TB,Mac Jones,00-0036972,SF,TB,QB,39,27,0.6923076923076923,347,0,2,6,-51,8.897435897435898,10.205128205128204,6.844444444444444,75.48076923076923,45,8.844444444444445,50,5,13,0,360,0,2,0.0,1.0,1.0,-0.09837894309685621,0.4666666666666667,7.158802489976625,9.692307692307692,0.08888888888888889,0.17777777777777778,0.13333333333333333,11.180000000000001,11.180000000000001,5,-2,-0.3784145209130416
2025,6,2025_06_SF_TB,Baker Mayfield,00-0034855,TB,SF,QB,23,17,0.7391304347826086,256,2,0,1,-8,11.130434782608695,11.478260869565217,12.666666666666666,139.03985507246372,24,11.0,27,3,14,0,270,2,0,,1.0,1.0,0.5028120674047982,0.5416666666666666,7.469806982123333,10.391304347826088,0.16666666666666666,0.041666666666666664,0.041666666666666664,19.64,19.64,-123,0,-0.23949336836821322
2025,6,2025_06_TEN_LV,Cam Ward,00-0040676,TEN,LV,QB,38,26,0.6842105263157895,222,1,1,6,-62,5.842105263157895,7.473684210526316,5.886363636363637,81.25,44,6.454545454545454,44,0,0,0,222,1,3,1.0,1.0,1.0,-0.3336527784955582,0.38636363636363635,5.549942921189701,6.657894736842105,0.09090909090909091,0.18181818181818182,0.13636363636363635,10.88,10.88,-43,1,-0.37262152493817186
2025,6,2025_06_CHI_WAS,Jayden Daniels,00-0039910,WAS,CHI,QB,26,19,0.7307692307692307,211,3,1,3,-6,8.115384615384615,8.346153846153847,8.0,119.23076923076921,29,7.482758620689655,39,10,52,0,263,3,2,3.0,1.0,1.0,0.22190888058368943,0.4827586206896552,11.14691657324632,8.153846153846153,0.10344827586206896,0.034482758620689655,0.10344827586206896,23.639999999999997,23.639999999999997,-20,2,-0.2968461595253772
